Index,Mode,Velocity,Damping,Frequency,Kfreq
CSD,Mode 1,1.0,-0.0065173567,4.4675256,1.3881
CSD,Mode 1,2.0,-0.013515903,4.4703791,0.6945
CSD,Mode 1,3.0,-0.021228439,4.4730221,0.4633
CSD,Mode 1,4.0,-0.029333439,4.4752415,0.3476
CSD,Mode 1,5.0,-0.037673575,4.4770288,0.2782
CSD,Mode 1,6.0,-0.046165093,4.4784173,0.2319
CSD,Mode 1,7.0,-0.054764908,4.4794664,0.1988
CSD,Mode 1,8.0,-0.0634465,4.4802092,0.174
CSD,Mode 1,9.0,-0.072198135,4.4806879,0.1547
CSD,Mode 1,10.0,-0.08101628,4.4809315,0.1392
CSD,Mode 1,11.0,-0.089895096,4.4809576,0.1266
CSD,Mode 1,12.0,-0.09883368,4.4807863,0.116
CSD,Mode 1,13.0,-0.1078342,4.4804301,0.1071
CSD,Mode 1,14.0,-0.11690052,4.4798978,0.0994
CSD,Mode 1,15.0,-0.12603732,4.4791957,0.0928
CSD,Mode 1,16.0,-0.13524923,4.4783331,0.087
CSD,Mode 1,17.0,-0.14454161,4.477316,0.0818
CSD,Mode 1,18.0,-0.15392042,4.4761488,0.0773
CSD,Mode 1,19.0,-0.16339215,4.4748335,0.0732
CSD,Mode 1,20.0,-0.17296363,4.4733716,0.0695
CSD,Mode 1,21.0,-0.18264207,4.4717625,0.0662
CSD,Mode 1,22.0,-0.19243503,4.470005,0.0631
CSD,Mode 1,23.0,-0.20235044,4.468096,0.0604
CSD,Mode 1,24.0,-0.21239648,4.4660333,0.0578
CSD,Mode 1,25.0,-0.22258174,4.4638136,0.0555
CSD,Mode 1,26.0,-0.23290176,4.4614509,0.0533
CSD,Mode 1,27.0,-0.24339214,4.4589039,0.0513
CSD,Mode 1,28.0,-0.25405008,4.4561835,0.0494
CSD,Mode 1,29.0,-0.26488577,4.453284,0.0477
CSD,Mode 1,30.0,-0.27590983,4.4501975,0.0461
CSD,Mode 1,31.0,-0.28713335,4.4469179,0.0446
CSD,Mode 1,32.0,-0.29856819,4.4434371,0.0431
CSD,Mode 1,33.0,-0.31022717,4.4397433,0.0418
CSD,Mode 1,34.0,-0.32212341,4.4358304,0.0405
CSD,Mode 1,35.0,-0.33427139,4.4316846,0.0393
CSD,Mode 1,36.0,-0.34668643,4.4272927,0.0382
CSD,Mode 1,37.0,-0.35938442,4.4226455,0.0371
CSD,Mode 1,38.0,-0.3723831,4.417724,0.0361
CSD,Mode 1,39.0,-0.38570064,4.4125169,0.0352
CSD,Mode 1,40.0,-0.3993573,4.407003,0.0342
CSD,Mode 1,41.0,-0.41337443,4.4011639,0.0334
CSD,Mode 1,42.0,-0.42777486,4.3949809,0.0325
CSD,Mode 1,43.0,-0.44258358,4.3884297,0.0317
CSD,Mode 1,44.0,-0.45782739,4.3814858,0.0309
CSD,Mode 1,45.0,-0.47353541,4.3741215,0.0302
CSD,Mode 1,46.0,-0.48973865,4.3663111,0.0295
CSD,Mode 1,47.0,-0.50647208,4.3580161,0.0288
CSD,Mode 1,48.0,-0.52377284,4.3492027,0.0282
CSD,Mode 1,49.0,-0.54168188,4.3398302,0.0275
CSD,Mode 1,50.0,-0.56024429,4.3298528,0.0269
CSD,Mode 1,51.0,-0.57950823,4.3192298,0.0263
CSD,Mode 1,52.0,-0.59952911,4.3078988,0.0257
CSD,Mode 1,53.0,-0.62036615,4.2958054,0.0252
CSD,Mode 1,54.0,-0.64208709,4.282875,0.0246
CSD,Mode 1,55.0,-0.66476493,4.2690404,0.0241
CSD,Mode 1,56.0,-0.68848268,4.2542164,0.0236
CSD,Mode 1,57.0,-0.71333362,4.2383067,0.0231
CSD,Mode 1,58.0,-0.73942237,4.2212054,0.0226
CSD,Mode 1,59.0,-0.76686694,4.2027948,0.0221
CSD,Mode 1,60.0,-0.79580296,4.1829337,0.0217
CSD,Mode 1,61.0,-0.82638346,4.1614715,0.0212
CSD,Mode 1,62.0,-0.8587847,4.1382339,0.0207
CSD,Mode 1,63.0,-0.89321202,4.113013,0.0203
CSD,Mode 1,64.0,-0.9299038,4.0855728,0.0198
CSD,Mode 1,65.0,-0.9691372,4.0556495,0.0194
CSD,Mode 1,66.0,-1.0112434,4.0229201,0.0189
CSD,Mode 1,67.0,-1.0566145,3.9870177,0.0185
CSD,Mode 1,68.0,-1.1057235,3.9475051,0.018
CSD,Mode 1,69.0,-1.1591467,3.9038609,0.0176
CSD,Mode 1,70.0,-1.2175931,3.8554648,0.0171
CSD,Mode 1,71.0,-1.2819463,3.8015735,0.0166
CSD,Mode 1,72.0,-1.3533295,3.7412742,0.0161
CSD,Mode 1,73.0,-1.4331931,3.6734436,0.0156
CSD,Mode 1,74.0,-1.5234502,3.5966818,0.0151
CSD,Mode 1,75.0,-1.6266816,3.5092292,0.0145
CSD,Mode 1,76.0,-1.7464899,3.4088007,0.0139
CSD,Mode 1,77.0,-1.8880663,3.2924099,0.0133
CSD,Mode 1,78.0,-2.0592452,3.1560247,0.0126
CSD,Mode 1,79.0,-2.2725459,2.9940161,0.0118
CSD,Mode 1,80.0,-2.5495342,2.7981785,0.0109
CSD,Mode 1,81.0,-2.9315388,2.5557235,0.0098
CSD,Mode 1,82.0,-3.5116358,2.2445602,0.0085
CSD,Mode 1,83.0,-4.5663922,1.819328,0.0068
CSD,Mode 1,84.0,-7.7051071,1.1387381,0.0042
CSD,Mode 1,85.0,-0.038396777,0.0,0.0
CSD,Mode 1,86.0,-0.031437498,0.0,0.0
CSD,Mode 1,87.0,-0.027168477,0.0,0.0
CSD,Mode 1,88.0,-0.023927339,0.0,0.0
CSD,Mode 1,89.0,-0.021267756,0.0,0.0
CSD,Mode 1,90.0,-0.018992171,0.0,0.0
CSD,Mode 1,91.0,-0.016992863,0.0,0.0
CSD,Mode 1,92.0,-0.015203564,0.0,0.0
CSD,Mode 1,93.0,-0.013580116,0.0,0.0
CSD,Mode 1,94.0,-0.012091356,0.0,0.0
CSD,Mode 1,95.0,-0.01071432,0.0,0.0
CSD,Mode 1,96.0,-0.0094315018,0.0,0.0
CSD,Mode 1,97.0,-0.008229177,0.0,0.0
CSD,Mode 1,98.0,-0.0070963392,0.0,0.0
CSD,Mode 1,99.0,-0.0060239848,0.0,0.0
CSD,Mode 1,100.0,-0.0050046225,0.0,0.0
CSD,Mode 1,101.0,-0.0040319237,0.0,0.0
CSD,Mode 1,102.0,-0.0031004679,0.0,0.0
CSD,Mode 1,103.0,-0.0022055527,0.0,0.0
CSD,Mode 1,104.0,-0.0013430499,0.0,0.0
CSD,Mode 1,105.0,-0.00050929283,0.0,0.0
CSD,Mode 1,106.0,0.00029901205,0.0,0.0
CSD,Mode 1,107.0,0.001084857,0.0,0.0
CSD,Mode 1,108.0,0.0018509918,0.0,0.0
CSD,Mode 1,109.0,0.0025999734,0.0,0.0
CSD,Mode 1,110.0,0.0033342086,0.0,0.0
CSD,Mode 1,111.0,0.0040559921,0.0,0.0
CSD,Mode 1,112.0,0.004767541,0.0,0.0
CSD,Mode 1,113.0,0.0054710284,0.0,0.0
CSD,Mode 1,114.0,0.0061686149,0.0,0.0
CSD,Mode 1,115.0,0.0068624829,0.0,0.0
CSD,Mode 1,116.0,0.0075548716,0.0,0.0
CSD,Mode 1,117.0,0.0082481167,0.0,0.0
CSD,Mode 1,118.0,0.0089446958,0.0,0.0
CSD,Mode 1,119.0,0.0096472827,0.0,0.0
CSD,Mode 1,120.0,0.010358813,0.0,0.0
CSD,Mode 1,121.0,0.011082569,0.0,0.0
CSD,Mode 2,1.0,-0.0081509409,30.164744,9.3723
CSD,Mode 2,2.0,-0.0053287412,30.100065,4.6761
CSD,Mode 2,3.0,-0.0050998912,30.106633,3.1181
CSD,Mode 2,4.0,-0.0059841992,30.112695,2.339
CSD,Mode 2,5.0,-0.0071531999,30.117159,1.8715
CSD,Mode 2,6.0,-0.0084450252,30.121072,1.5598
CSD,Mode 2,7.0,-0.0098156033,30.124787,1.3371
CSD,Mode 2,8.0,-0.011247428,30.128408,1.1701
CSD,Mode 2,9.0,-0.01273174,30.131954,1.0402
CSD,Mode 2,10.0,-0.014263426,30.135415,0.9363
CSD,Mode 2,11.0,-0.01583915,30.138767,0.8513
CSD,Mode 2,12.0,-0.017456544,30.141986,0.7804
CSD,Mode 2,13.0,-0.019113851,30.145045,0.7205
CSD,Mode 2,14.0,-0.020809552,30.147898,0.6691
CSD,Mode 2,15.0,-0.022542952,30.150573,0.6245
CSD,Mode 2,16.0,-0.024313133,30.153023,0.5855
CSD,Mode 2,17.0,-0.026119557,30.155232,0.5511
CSD,Mode 2,18.0,-0.027961876,30.157183,0.5206
CSD,Mode 2,19.0,-0.029839955,30.158861,0.4932
CSD,Mode 2,20.0,-0.031753291,30.16022,0.4685
CSD,Mode 2,21.0,-0.033703112,30.161315,0.4462
CSD,Mode 2,22.0,-0.03568925,30.162098,0.426
CSD,Mode 2,23.0,-0.03771226,30.162557,0.4075
CSD,Mode 2,24.0,-0.039772785,30.162679,0.3905
CSD,Mode 2,25.0,-0.041871666,30.162453,0.3749
CSD,Mode 2,26.0,-0.044008915,30.161829,0.3604
CSD,Mode 2,27.0,-0.046187729,30.160871,0.3471
CSD,Mode 2,28.0,-0.048408368,30.159525,0.3347
CSD,Mode 2,29.0,-0.050672344,30.157775,0.3231
CSD,Mode 2,30.0,-0.052981325,30.155607,0.3123
CSD,Mode 2,31.0,-0.0553357,30.152969,0.3022
CSD,Mode 2,32.0,-0.057740566,30.149916,0.2927
CSD,Mode 2,33.0,-0.060196568,30.146387,0.2838
CSD,Mode 2,34.0,-0.062704524,30.142333,0.2755
CSD,Mode 2,35.0,-0.065270961,30.137796,0.2675
CSD,Mode 2,36.0,-0.067895581,30.132693,0.2601
CSD,Mode 2,37.0,-0.070585076,30.127042,0.253
CSD,Mode 2,38.0,-0.073340644,30.120775,0.2463
CSD,Mode 2,39.0,-0.076159705,30.11379,0.2399
CSD,Mode 2,40.0,-0.079055534,30.106151,0.2339
CSD,Mode 2,41.0,-0.082029304,30.097775,0.2281
CSD,Mode 2,42.0,-0.085085761,30.08861,0.2226
CSD,Mode 2,43.0,-0.08823005,30.078599,0.2173
CSD,Mode 2,44.0,-0.091467748,30.067675,0.2123
CSD,Mode 2,45.0,-0.094804888,30.055765,0.2075
CSD,Mode 2,46.0,-0.098247998,30.042785,0.2029
CSD,Mode 2,47.0,-0.10180413,30.028642,0.1985
CSD,Mode 2,48.0,-0.10548091,30.01323,0.1943
CSD,Mode 2,49.0,-0.10928653,29.996429,0.1902
CSD,Mode 2,50.0,-0.11322985,29.978107,0.1863
CSD,Mode 2,51.0,-0.11732037,29.958111,0.1825
CSD,Mode 2,52.0,-0.12156829,29.936267,0.1789
CSD,Mode 2,53.0,-0.12598449,29.912376,0.1754
CSD,Mode 2,54.0,-0.13058055,29.886212,0.172
CSD,Mode 2,55.0,-0.13536871,29.857519,0.1687
CSD,Mode 2,56.0,-0.14036179,29.826002,0.1655
CSD,Mode 2,57.0,-0.14557311,29.791327,0.1624
CSD,Mode 2,58.0,-0.15101634,29.753112,0.1594
CSD,Mode 2,59.0,-0.15670522,29.710927,0.1565
CSD,Mode 2,60.0,-0.1626533,29.664283,0.1536
CSD,Mode 2,61.0,-0.16887346,29.612631,0.1508
CSD,Mode 2,62.0,-0.17537742,29.555357,0.1481
CSD,Mode 2,63.0,-0.18217489,29.491779,0.1454
CSD,Mode 2,64.0,-0.18927281,29.42115,0.1428
CSD,Mode 2,65.0,-0.19667454,29.34266,0.1403
CSD,Mode 2,66.0,-0.20437888,29.255438,0.1377
CSD,Mode 2,67.0,-0.21237903,29.158572,0.1352
CSD,Mode 2,68.0,-0.22066168,29.051112,0.1327
CSD,Mode 2,69.0,-0.22920622,28.932103,0.1303
CSD,Mode 2,70.0,-0.23798421,28.800595,0.1278
CSD,Mode 2,71.0,-0.24695909,28.655668,0.1254
CSD,Mode 2,72.0,-0.25608629,28.496454,0.123
CSD,Mode 2,73.0,-0.26531349,28.32215,0.1205
CSD,Mode 2,74.0,-0.2745811,28.132023,0.1181
CSD,Mode 2,75.0,-0.28378565,27.926345,0.1157
CSD,Mode 2,76.0,-0.29292362,27.702863,0.1133
CSD,Mode 2,77.0,-0.30188206,27.461824,0.1108
CSD,Mode 2,78.0,-0.31057297,27.202765,0.1084
CSD,Mode 2,79.0,-0.31889893,26.925261,0.1059
CSD,Mode 2,80.0,-0.32675062,26.628931,0.1034
CSD,Mode 2,81.0,-0.33400351,26.313433,0.1009
CSD,Mode 2,82.0,-0.34051335,25.978479,0.0984
CSD,Mode 2,83.0,-0.34611152,25.623872,0.0959
CSD,Mode 2,84.0,-0.35059833,25.249548,0.0934
CSD,Mode 2,85.0,-0.35373474,24.855648,0.0909
CSD,Mode 2,86.0,-0.35523376,24.442632,0.0883
CSD,Mode 2,87.0,-0.35475258,24.011417,0.0858
CSD,Mode 2,88.0,-0.35188702,23.563583,0.0832
CSD,Mode 2,89.0,-0.34617262,23.101592,0.0806
CSD,Mode 2,90.0,-0.33709837,22.629012,0.0781
CSD,Mode 2,91.0,-0.32413967,22.150684,0.0756
CSD,Mode 2,92.0,-0.30681712,21.672682,0.0732
CSD,Mode 2,93.0,-0.28477726,21.201971,0.0708
CSD,Mode 2,94.0,-0.25787755,20.745682,0.0686
CSD,Mode 2,95.0,-0.22624403,20.31012,0.0664
CSD,Mode 2,96.0,-0.19026961,19.899817,0.0644
CSD,Mode 2,97.0,-0.15049166,19.51564,0.0625
CSD,Mode 2,98.0,-0.10771933,19.160403,0.0607
CSD,Mode 2,99.0,-0.062566548,18.830548,0.0591
CSD,Mode 2,100.0,-0.015629538,18.523014,0.0576
CSD,Mode 2,101.0,0.032612131,18.234216,0.0561
CSD,Mode 2,102.0,0.081800393,17.960508,0.0547
CSD,Mode 2,103.0,0.13168705,17.698444,0.0534
CSD,Mode 2,104.0,0.18211459,17.444928,0.0521
CSD,Mode 2,105.0,0.23299773,17.197252,0.0509
CSD,Mode 2,106.0,0.28430636,16.953085,0.0497
CSD,Mode 2,107.0,0.3360545,16.710433,0.0485
CSD,Mode 2,108.0,0.38828957,16.467604,0.0474
CSD,Mode 2,109.0,0.44108757,16.223139,0.0462
CSD,Mode 2,110.0,0.49454694,15.97578,0.0451
CSD,Mode 2,111.0,0.54878903,15.724408,0.044
CSD,Mode 2,112.0,0.60395703,15.468019,0.0429
CSD,Mode 2,113.0,0.66021514,15.205691,0.0418
CSD,Mode 2,114.0,0.71775252,14.93655,0.0407
CSD,Mode 2,115.0,0.77678611,14.659745,0.0396
CSD,Mode 2,116.0,0.83756442,14.374428,0.0385
CSD,Mode 2,117.0,0.90037712,14.079718,0.0374
CSD,Mode 2,118.0,0.96556021,13.774686,0.0363
CSD,Mode 2,119.0,1.0335106,13.458323,0.0351
CSD,Mode 2,120.0,1.104701,13.129514,0.034
CSD,Mode 2,121.0,1.1796997,12.786994,0.0328
CSD,Mode 3,1.0,-0.0012604827,45.840269,14.2427
CSD,Mode 3,2.0,-0.0014470751,45.828772,7.1196
CSD,Mode 3,3.0,-0.0020884109,45.82618,4.7461
CSD,Mode 3,4.0,-0.0027107844,45.816795,3.5589
CSD,Mode 3,5.0,-0.0033369173,45.804921,2.8463
CSD,Mode 3,6.0,-0.0039779651,45.790618,2.3712
CSD,Mode 3,7.0,-0.0046371817,45.77372,2.0317
CSD,Mode 3,8.0,-0.0053133474,45.754116,1.777
CSD,Mode 3,9.0,-0.0060053246,45.731745,1.5788
CSD,Mode 3,10.0,-0.0067126657,45.706564,1.4201
CSD,Mode 3,11.0,-0.0074353024,45.67853,1.2902
CSD,Mode 3,12.0,-0.0081732753,45.647598,1.1819
CSD,Mode 3,13.0,-0.0089265951,45.613721,1.0902
CSD,Mode 3,14.0,-0.0096951055,45.576848,1.0115
CSD,Mode 3,15.0,-0.010478754,45.536943,0.9432
CSD,Mode 3,16.0,-0.011277166,45.493952,0.8834
CSD,Mode 3,17.0,-0.012089927,45.447828,0.8306
CSD,Mode 3,18.0,-0.012916511,45.398524,0.7836
CSD,Mode 3,19.0,-0.013756298,45.345994,0.7415
CSD,Mode 3,20.0,-0.014608346,45.290185,0.7036
CSD,Mode 3,21.0,-0.015472298,45.231067,0.6692
CSD,Mode 3,22.0,-0.016347049,45.168585,0.6379
CSD,Mode 3,23.0,-0.017231248,45.102689,0.6093
CSD,Mode 3,24.0,-0.018124623,45.03335,0.583
CSD,Mode 3,25.0,-0.019025171,44.960508,0.5588
CSD,Mode 3,26.0,-0.019932759,44.884135,0.5364
CSD,Mode 3,27.0,-0.020845456,44.804177,0.5156
CSD,Mode 3,28.0,-0.021761836,44.720589,0.4962
CSD,Mode 3,29.0,-0.022680318,44.633328,0.4782
CSD,Mode 3,30.0,-0.023597372,44.542343,0.4613
CSD,Mode 3,31.0,-0.024514252,44.447605,0.4455
CSD,Mode 3,32.0,-0.025427822,44.349065,0.4306
CSD,Mode 3,33.0,-0.026336123,44.246678,0.4166
CSD,Mode 3,34.0,-0.027236929,44.140402,0.4034
CSD,Mode 3,35.0,-0.028127764,44.030194,0.3909
CSD,Mode 3,36.0,-0.029006145,43.91601,0.379
CSD,Mode 3,37.0,-0.029869404,43.797808,0.3678
CSD,Mode 3,38.0,-0.030714545,43.675546,0.3571
CSD,Mode 3,39.0,-0.031538248,43.549183,0.3469
CSD,Mode 3,40.0,-0.03233696,43.418681,0.3373
CSD,Mode 3,41.0,-0.033106925,43.284,0.328
CSD,Mode 3,42.0,-0.033844,43.145104,0.3192
CSD,Mode 3,43.0,-0.034543617,43.001959,0.3107
CSD,Mode 3,44.0,-0.035200764,42.854534,0.3026
CSD,Mode 3,45.0,-0.035809978,42.702802,0.2948
CSD,Mode 3,46.0,-0.036365527,42.54674,0.2874
CSD,Mode 3,47.0,-0.036861248,42.38633,0.2802
CSD,Mode 3,48.0,-0.037290343,42.221559,0.2733
CSD,Mode 3,49.0,-0.037645344,42.052425,0.2666
CSD,Mode 3,50.0,-0.037918072,41.878933,0.2602
CSD,Mode 3,51.0,-0.038099597,41.701101,0.2541
CSD,Mode 3,52.0,-0.038180203,41.518963,0.2481
CSD,Mode 3,53.0,-0.038149349,41.332566,0.2423
CSD,Mode 3,54.0,-0.037995638,41.141979,0.2367
CSD,Mode 3,55.0,-0.037706839,40.947295,0.2313
CSD,Mode 3,56.0,-0.0372699,40.748631,0.2261
CSD,Mode 3,57.0,-0.036671009,40.546139,0.221
CSD,Mode 3,58.0,-0.035895693,40.340003,0.2161
CSD,Mode 3,59.0,-0.034928991,40.130452,0.2113
CSD,Mode 3,60.0,-0.033755694,39.917758,0.2067
CSD,Mode 3,61.0,-0.032360689,39.702244,0.2022
CSD,Mode 3,62.0,-0.030729434,39.484291,0.1979
CSD,Mode 3,63.0,-0.028848806,39.264332,0.1936
CSD,Mode 3,64.0,-0.026707767,39.042858,0.1895
CSD,Mode 3,65.0,-0.024297888,38.820414,0.1856
CSD,Mode 3,66.0,-0.021614252,38.597595,0.1817
CSD,Mode 3,67.0,-0.018656381,38.375031,0.178
CSD,Mode 3,68.0,-0.015429117,38.153378,0.1743
CSD,Mode 3,69.0,-0.011943304,37.933289,0.1708
CSD,Mode 3,70.0,-0.0082161943,37.715399,0.1674
CSD,Mode 3,71.0,-0.004271462,37.500291,0.1641
CSD,Mode 3,72.0,-0.00013875904,37.28848,0.1609
CSD,Mode 3,73.0,0.0041471511,37.080385,0.1578
CSD,Mode 3,74.0,0.0085476131,36.876327,0.1548
CSD,Mode 3,75.0,0.013008719,36.676495,0.1519
CSD,Mode 3,76.0,0.017516875,36.481045,0.1491
CSD,Mode 3,77.0,0.022015143,36.289941,0.1464
CSD,Mode 3,78.0,0.02646364,36.103117,0.1438
CSD,Mode 3,79.0,0.030824781,35.920441,0.1413
CSD,Mode 3,80.0,0.035063811,35.74174,0.1388
CSD,Mode 3,81.0,0.039149056,35.566817,0.1364
CSD,Mode 3,82.0,0.043051955,35.395466,0.1341
CSD,Mode 3,83.0,0.046734809,35.227558,0.1319
CSD,Mode 3,84.0,0.050195428,35.062801,0.1297
CSD,Mode 3,85.0,0.05340479,34.901087,0.1276
CSD,Mode 3,86.0,0.056345016,34.742292,0.1255
CSD,Mode 3,87.0,0.058985486,34.586445,0.1235
CSD,Mode 3,88.0,0.061339354,34.433296,0.1216
CSD,Mode 3,89.0,0.063382381,34.282929,0.1197
CSD,Mode 3,90.0,0.065104596,34.135375,0.1178
CSD,Mode 3,91.0,0.066497918,33.990707,0.1161
CSD,Mode 3,92.0,0.067556422,33.849032,0.1143
CSD,Mode 3,93.0,0.068259181,33.710683,0.1126
CSD,Mode 3,94.0,0.068637477,33.575481,0.111
CSD,Mode 3,95.0,0.068677515,33.443774,0.1094
CSD,Mode 3,96.0,0.068383564,33.315775,0.1078
CSD,Mode 3,97.0,0.067763175,33.191693,0.1063
CSD,Mode 3,98.0,0.066826856,33.071741,0.1049
CSD,Mode 3,99.0,0.065588249,32.95612,0.1034
CSD,Mode 3,100.0,0.064063974,32.845013,0.1021
CSD,Mode 3,101.0,0.062273377,32.738566,0.1007
CSD,Mode 3,102.0,0.060238021,32.636896,0.0994
CSD,Mode 3,103.0,0.05798112,32.540079,0.0982
CSD,Mode 3,104.0,0.055527138,32.448144,0.0969
CSD,Mode 3,105.0,0.052900996,32.361077,0.0958
CSD,Mode 3,106.0,0.050127633,32.278816,0.0946
CSD,Mode 3,107.0,0.047231183,32.201267,0.0935
CSD,Mode 3,108.0,0.044234811,32.128288,0.0924
CSD,Mode 3,109.0,0.041159991,32.05972,0.0914
CSD,Mode 3,110.0,0.038026501,31.995368,0.0904
CSD,Mode 3,111.0,0.034852022,31.935031,0.0894
CSD,Mode 3,112.0,0.031652245,31.87849,0.0884
CSD,Mode 3,113.0,0.028440816,31.825521,0.0875
CSD,Mode 3,114.0,0.025229365,31.775903,0.0866
CSD,Mode 3,115.0,0.022027722,31.729413,0.0857
CSD,Mode 3,116.0,0.01884399,31.685839,0.0849
CSD,Mode 3,117.0,0.015684788,31.64497,0.084
CSD,Mode 3,118.0,0.012555326,31.606618,0.0832
CSD,Mode 3,119.0,0.0094597316,31.570587,0.0824
CSD,Mode 3,120.0,0.0064010398,31.536708,0.0817
CSD,Mode 3,121.0,0.0033814451,31.504822,0.0809
CSD,Mode 4,1.0,-0.001494997,87.909704,27.3139
CSD,Mode 4,2.0,-0.0081205891,87.688168,13.6225
CSD,Mode 4,3.0,-0.0082049376,87.519284,9.0642
CSD,Mode 4,4.0,-0.0061676588,87.419568,6.7904
CSD,Mode 4,5.0,-0.0047816401,87.3811,5.4299
CSD,Mode 4,6.0,-0.0042401849,87.391616,4.5255
CSD,Mode 4,7.0,-0.0042086012,87.404448,3.8796
CSD,Mode 4,8.0,-0.0043676165,87.413348,3.395
CSD,Mode 4,9.0,-0.0046161398,87.420328,3.018
CSD,Mode 4,10.0,-0.0049216823,87.42627,2.7164
CSD,Mode 4,11.0,-0.0052674494,87.431482,2.4696
CSD,Mode 4,12.0,-0.005642199,87.436119,2.2639
CSD,Mode 4,13.0,-0.0060381573,87.440296,2.0898
CSD,Mode 4,14.0,-0.0064500195,87.444107,1.9407
CSD,Mode 4,15.0,-0.0068741886,87.44763,1.8114
CSD,Mode 4,16.0,-0.0073082115,87.450925,1.6982
CSD,Mode 4,17.0,-0.0077503903,87.45404,1.5984
CSD,Mode 4,18.0,-0.0081995253,87.457009,1.5096
CSD,Mode 4,19.0,-0.0086547481,87.459857,1.4302
CSD,Mode 4,20.0,-0.0091154132,87.462603,1.3587
CSD,Mode 4,21.0,-0.0095810269,87.465261,1.2941
CSD,Mode 4,22.0,-0.010051202,87.467841,1.2353
CSD,Mode 4,23.0,-0.010525625,87.470349,1.1816
CSD,Mode 4,24.0,-0.011004037,87.472789,1.1324
CSD,Mode 4,25.0,-0.011486221,87.475165,1.0872
CSD,Mode 4,26.0,-0.011971987,87.477479,1.0454
CSD,Mode 4,27.0,-0.012461169,87.479731,1.0067
CSD,Mode 4,28.0,-0.01295362,87.481923,0.9707
CSD,Mode 4,29.0,-0.013449208,87.484053,0.9373
CSD,Mode 4,30.0,-0.013947812,87.486122,0.9061
CSD,Mode 4,31.0,-0.014449322,87.48813,0.8769
CSD,Mode 4,32.0,-0.014953636,87.490075,0.8495
CSD,Mode 4,33.0,-0.01546066,87.491957,0.8238
CSD,Mode 4,34.0,-0.015970307,87.493775,0.7995
CSD,Mode 4,35.0,-0.016482495,87.495528,0.7767
CSD,Mode 4,36.0,-0.016997065,87.497145,0.7552
CSD,Mode 4,37.0,-0.017514111,87.498767,0.7348
CSD,Mode 4,38.0,-0.018033487,87.500322,0.7154
CSD,Mode 4,39.0,-0.018555132,87.501809,0.6971
CSD,Mode 4,40.0,-0.019078987,87.503227,0.6797
CSD,Mode 4,41.0,-0.019605,87.504577,0.6631
CSD,Mode 4,42.0,-0.02013312,87.505856,0.6473
CSD,Mode 4,43.0,-0.020663301,87.507065,0.6323
CSD,Mode 4,44.0,-0.0211955,87.508204,0.6179
CSD,Mode 4,45.0,-0.021729676,87.509271,0.6042
CSD,Mode 4,46.0,-0.022265793,87.510266,0.5911
CSD,Mode 4,47.0,-0.022803815,87.511189,0.5785
CSD,Mode 4,48.0,-0.023343713,87.512039,0.5665
CSD,Mode 4,49.0,-0.023885456,87.512816,0.5549
CSD,Mode 4,50.0,-0.024429018,87.513519,0.5438
CSD,Mode 4,51.0,-0.024974375,87.514149,0.5332
CSD,Mode 4,52.0,-0.025521506,87.514704,0.5229
CSD,Mode 4,53.0,-0.02607039,87.515185,0.513
CSD,Mode 4,54.0,-0.026621011,87.515591,0.5035
CSD,Mode 4,55.0,-0.027173353,87.515923,0.4944
CSD,Mode 4,56.0,-0.027727403,87.516178,0.4856
CSD,Mode 4,57.0,-0.02828315,87.516358,0.477
CSD,Mode 4,58.0,-0.028840583,87.516463,0.4688
CSD,Mode 4,59.0,-0.029399696,87.51649,0.4609
CSD,Mode 4,60.0,-0.029960483,87.516442,0.4532
CSD,Mode 4,61.0,-0.030522939,87.516316,0.4458
CSD,Mode 4,62.0,-0.031087062,87.516113,0.4386
CSD,Mode 4,63.0,-0.03165285,87.515833,0.4316
CSD,Mode 4,64.0,-0.032220304,87.515476,0.4249
CSD,Mode 4,65.0,-0.032789426,87.51504,0.4183
CSD,Mode 4,66.0,-0.033359859,87.51441,0.412
CSD,Mode 4,67.0,-0.033932325,87.513818,0.4058
CSD,Mode 4,68.0,-0.034506474,87.513147,0.3999
CSD,Mode 4,69.0,-0.035082315,87.512397,0.3941
CSD,Mode 4,70.0,-0.035659856,87.511566,0.3884
CSD,Mode 4,71.0,-0.036239106,87.510656,0.383
CSD,Mode 4,72.0,-0.036820077,87.509665,0.3776
CSD,Mode 4,73.0,-0.037402782,87.508593,0.3725
CSD,Mode 4,74.0,-0.037987235,87.507439,0.3674
CSD,Mode 4,75.0,-0.038573451,87.506203,0.3625
CSD,Mode 4,76.0,-0.039161446,87.504885,0.3577
CSD,Mode 4,77.0,-0.039751239,87.503484,0.3531
CSD,Mode 4,78.0,-0.040342847,87.501999,0.3486
CSD,Mode 4,79.0,-0.040936291,87.50043,0.3441
CSD,Mode 4,80.0,-0.041531591,87.498777,0.3398
CSD,Mode 4,81.0,-0.042128768,87.497037,0.3356
CSD,Mode 4,82.0,-0.042727843,87.495212,0.3315
CSD,Mode 4,83.0,-0.043328842,87.493301,0.3275
CSD,Mode 4,84.0,-0.043931787,87.491302,0.3236
CSD,Mode 4,85.0,-0.044536706,87.489215,0.3198
CSD,Mode 4,86.0,-0.045143623,87.487039,0.3161
CSD,Mode 4,87.0,-0.045752569,87.484774,0.3124
CSD,Mode 4,88.0,-0.046363571,87.482419,0.3089
CSD,Mode 4,89.0,-0.04697666,87.479972,0.3054
CSD,Mode 4,90.0,-0.047591867,87.477433,0.302
CSD,Mode 4,91.0,-0.048209224,87.474802,0.2987
CSD,Mode 4,92.0,-0.048828762,87.472076,0.2954
CSD,Mode 4,93.0,-0.049450516,87.469256,0.2922
CSD,Mode 4,94.0,-0.050074519,87.466339,0.2891
CSD,Mode 4,95.0,-0.050700806,87.463326,0.2861
CSD,Mode 4,96.0,-0.051329415,87.460215,0.2831
CSD,Mode 4,97.0,-0.051960381,87.457005,0.2801
CSD,Mode 4,98.0,-0.052593744,87.453696,0.2773
CSD,Mode 4,99.0,-0.053229542,87.450285,0.2745
CSD,Mode 4,100.0,-0.053867817,87.446773,0.2717
CSD,Mode 4,101.0,-0.054508609,87.443156,0.269
CSD,Mode 4,102.0,-0.055151962,87.439435,0.2664
CSD,Mode 4,103.0,-0.055797918,87.435608,0.2638
CSD,Mode 4,104.0,-0.056446523,87.431673,0.2612
CSD,Mode 4,105.0,-0.057097822,87.427629,0.2587
CSD,Mode 4,106.0,-0.057751862,87.423476,0.2563
CSD,Mode 4,107.0,-0.05840869,87.419211,0.2538
CSD,Mode 4,108.0,-0.059068357,87.414832,0.2515
CSD,Mode 4,109.0,-0.05973091,87.410338,0.2492
CSD,Mode 4,110.0,-0.060395476,87.405572,0.2469
CSD,Mode 4,111.0,-0.061063955,87.400845,0.2446
CSD,Mode 4,112.0,-0.061735475,87.395999,0.2424
CSD,Mode 4,113.0,-0.062410088,87.391031,0.2403
CSD,Mode 4,114.0,-0.063087848,87.38594,0.2382
CSD,Mode 4,115.0,-0.063768811,87.380724,0.2361
CSD,Mode 4,116.0,-0.064453035,87.37538,0.234
CSD,Mode 4,117.0,-0.065140574,87.369909,0.232
CSD,Mode 4,118.0,-0.065831492,87.364305,0.23
CSD,Mode 4,119.0,-0.066525845,87.35857,0.2281
CSD,Mode 4,120.0,-0.067223699,87.352699,0.2262
CSD,Mode 4,121.0,-0.067925114,87.346691,0.2243
CSD,Mode 5,1.0,-5.9670291e-09,112.71096,35.0197
CSD,Mode 5,2.0,-8.1249768e-09,112.71096,17.5098
CSD,Mode 5,3.0,-6.3889582e-09,112.71096,11.6732
CSD,Mode 5,4.0,-6.7032151e-09,112.71096,8.7549
CSD,Mode 5,5.0,-7.9428395e-09,112.71096,7.0039
CSD,Mode 5,6.0,-9.3725767e-09,112.71096,5.8366
CSD,Mode 5,7.0,-1.0806075e-08,112.71096,5.0028
CSD,Mode 5,8.0,-1.22134e-08,112.71096,4.3775
CSD,Mode 5,9.0,-1.3610335e-08,112.71096,3.8911
CSD,Mode 5,10.0,-1.5004343e-08,112.71096,3.502
CSD,Mode 5,11.0,-1.6402508e-08,112.71096,3.1836
CSD,Mode 5,12.0,-1.7811242e-08,112.71096,2.9183
CSD,Mode 5,13.0,-1.9235078e-08,112.71096,2.6938
CSD,Mode 5,14.0,-2.0675989e-08,112.71096,2.5014
CSD,Mode 5,15.0,-2.2134574e-08,112.71096,2.3346
CSD,Mode 5,16.0,-2.3610667e-08,112.71096,2.1887
CSD,Mode 5,17.0,-2.5103716e-08,112.71096,2.06
CSD,Mode 5,18.0,-2.6613332e-08,112.71096,1.9455
CSD,Mode 5,19.0,-2.8139206e-08,112.71096,1.8431
CSD,Mode 5,20.0,-2.9681057e-08,112.71096,1.751
CSD,Mode 5,21.0,-3.1238801e-08,112.71096,1.6676
CSD,Mode 5,22.0,-3.2812385e-08,112.71096,1.5918
CSD,Mode 5,23.0,-3.4401894e-08,112.71096,1.5226
CSD,Mode 5,24.0,-3.6007375e-08,112.71096,1.4592
CSD,Mode 5,25.0,-3.7628948e-08,112.71096,1.4008
CSD,Mode 5,26.0,-3.9266573e-08,112.71096,1.3469
CSD,Mode 5,27.0,-4.0920568e-08,112.71096,1.297
CSD,Mode 5,28.0,-4.2590803e-08,112.71096,1.2507
CSD,Mode 5,29.0,-4.4277434e-08,112.71096,1.2076
CSD,Mode 5,30.0,-4.5980528e-08,112.71096,1.1673
CSD,Mode 5,31.0,-4.7700099e-08,112.71096,1.1297
CSD,Mode 5,32.0,-4.9436113e-08,112.71096,1.0944
CSD,Mode 5,33.0,-5.1188623e-08,112.71096,1.0612
CSD,Mode 5,34.0,-5.2957588e-08,112.71096,1.03
CSD,Mode 5,35.0,-5.4742896e-08,112.71096,1.0006
CSD,Mode 5,36.0,-5.6544573e-08,112.71096,0.9728
CSD,Mode 5,37.0,-5.8362465e-08,112.71096,0.9465
CSD,Mode 5,38.0,-6.0196496e-08,112.71096,0.9216
CSD,Mode 5,39.0,-6.2046688e-08,112.71096,0.8979
CSD,Mode 5,40.0,-6.3912669e-08,112.71096,0.8755
CSD,Mode 5,41.0,-6.5794523e-08,112.71096,0.8541
CSD,Mode 5,42.0,-6.7692049e-08,112.71096,0.8338
CSD,Mode 5,43.0,-6.9605052e-08,112.71096,0.8144
CSD,Mode 5,44.0,-7.1533413e-08,112.71096,0.7959
CSD,Mode 5,45.0,-7.3476874e-08,112.71096,0.7782
CSD,Mode 5,46.0,-7.5435409e-08,112.71096,0.7613
CSD,Mode 5,47.0,-7.7408806e-08,112.71095,0.7451
CSD,Mode 5,48.0,-7.93968e-08,112.71095,0.7296
CSD,Mode 5,49.0,-8.1399317e-08,112.71095,0.7147
CSD,Mode 5,50.0,-8.3416137e-08,112.71095,0.7004
CSD,Mode 5,51.0,-8.5446952e-08,112.71095,0.6867
CSD,Mode 5,52.0,-8.7491714e-08,112.71095,0.6735
CSD,Mode 5,53.0,-8.9550253e-08,112.71095,0.6607
CSD,Mode 5,54.0,-9.1622195e-08,112.71095,0.6485
CSD,Mode 5,55.0,-9.3707562e-08,112.71095,0.6367
CSD,Mode 5,56.0,-9.580598e-08,112.71095,0.6254
CSD,Mode 5,57.0,-9.7917378e-08,112.71095,0.6144
CSD,Mode 5,58.0,-1.0004165e-07,112.71095,0.6038
CSD,Mode 5,59.0,-1.021784e-07,112.71095,0.5936
CSD,Mode 5,60.0,-1.0432763e-07,112.71095,0.5837
CSD,Mode 5,61.0,-1.06489e-07,112.71095,0.5741
CSD,Mode 5,62.0,-1.0866258e-07,112.71095,0.5648
CSD,Mode 5,63.0,-1.1084811e-07,112.71095,0.5559
CSD,Mode 5,64.0,-1.1304534e-07,112.71095,0.5472
CSD,Mode 5,65.0,-1.152541e-07,112.71095,0.5388
CSD,Mode 5,66.0,-1.174743e-07,112.71095,0.5306
CSD,Mode 5,67.0,-1.1970601e-07,112.71095,0.5227
CSD,Mode 5,68.0,-1.2194894e-07,112.71095,0.515
CSD,Mode 5,69.0,-1.2420294e-07,112.71095,0.5075
CSD,Mode 5,70.0,-1.2646791e-07,112.71095,0.5003
CSD,Mode 5,71.0,-1.2874369e-07,112.71094,0.4932
CSD,Mode 5,72.0,-1.310302e-07,112.71094,0.4864
CSD,Mode 5,73.0,-1.3332744e-07,112.71094,0.4797
CSD,Mode 5,74.0,-1.3563538e-07,112.71094,0.4732
CSD,Mode 5,75.0,-1.3795396e-07,112.71094,0.4669
CSD,Mode 5,76.0,-1.4028311e-07,112.71094,0.4608
CSD,Mode 5,77.0,-1.4262279e-07,112.71094,0.4548
CSD,Mode 5,78.0,-1.4497281e-07,112.71094,0.449
CSD,Mode 5,79.0,-1.4733314e-07,112.71094,0.4433
CSD,Mode 5,80.0,-1.4970385e-07,112.71094,0.4377
CSD,Mode 5,81.0,-1.520851e-07,112.71094,0.4323
CSD,Mode 5,82.0,-1.5447682e-07,112.71094,0.4271
CSD,Mode 5,83.0,-1.568791e-07,112.71094,0.4219
CSD,Mode 5,84.0,-1.5929196e-07,112.71094,0.4169
CSD,Mode 5,85.0,-1.617154e-07,112.71094,0.412
CSD,Mode 5,86.0,-1.6414952e-07,112.71094,0.4072
CSD,Mode 5,87.0,-1.6659437e-07,112.71094,0.4025
CSD,Mode 5,88.0,-1.690499e-07,112.71093,0.398
CSD,Mode 5,89.0,-1.7151634e-07,112.71093,0.3935
CSD,Mode 5,90.0,-1.7399383e-07,112.71093,0.3891
CSD,Mode 5,91.0,-1.7648248e-07,112.71093,0.3848
CSD,Mode 5,92.0,-1.789828e-07,112.71093,0.3806
CSD,Mode 5,93.0,-1.8149474e-07,112.71093,0.3766
CSD,Mode 5,94.0,-1.840185e-07,112.71093,0.3725
CSD,Mode 5,95.0,-1.8655445e-07,112.71093,0.3686
CSD,Mode 5,96.0,-1.8910266e-07,112.71093,0.3648
CSD,Mode 5,97.0,-1.9166355e-07,112.71093,0.361
CSD,Mode 5,98.0,-1.942373e-07,112.71093,0.3573
CSD,Mode 5,99.0,-1.9682399e-07,112.71093,0.3537
CSD,Mode 5,100.0,-1.9942404e-07,112.71093,0.3502
CSD,Mode 5,101.0,-2.0203777e-07,112.71093,0.3467
CSD,Mode 5,102.0,-2.0466547e-07,112.71092,0.3433
CSD,Mode 5,103.0,-2.0730765e-07,112.71092,0.34
CSD,Mode 5,104.0,-2.0996467e-07,112.71092,0.3367
CSD,Mode 5,105.0,-2.1263668e-07,112.71092,0.3335
CSD,Mode 5,106.0,-2.1532485e-07,112.71092,0.3304
CSD,Mode 5,107.0,-2.1802909e-07,112.71092,0.3273
CSD,Mode 5,108.0,-2.2075e-07,112.71092,0.3243
CSD,Mode 5,109.0,-2.2348806e-07,112.71092,0.3213
CSD,Mode 5,110.0,-2.262438e-07,112.71092,0.3184
CSD,Mode 5,111.0,-2.290178e-07,112.71092,0.3155
CSD,Mode 5,112.0,-2.3181043e-07,112.71092,0.3127
CSD,Mode 5,113.0,-2.3462261e-07,112.71091,0.3099
CSD,Mode 5,114.0,-2.3745495e-07,112.71091,0.3072
CSD,Mode 5,115.0,-2.403077e-07,112.71091,0.3045
CSD,Mode 5,116.0,-2.4318182e-07,112.71091,0.3019
CSD,Mode 5,117.0,-2.4607795e-07,112.71091,0.2993
CSD,Mode 5,118.0,-2.4899676e-07,112.71091,0.2968
CSD,Mode 5,119.0,-2.5193932e-07,112.71091,0.2943
CSD,Mode 5,120.0,-2.5490636e-07,112.71091,0.2918
CSD,Mode 5,121.0,-2.5789889e-07,112.71091,0.2894
GA,Mode 1,1.0,-0.0065173417,4.4675154,1.3881
GA,Mode 1,2.0,-0.013515875,4.4703689,0.6945
GA,Mode 1,3.0,-0.021228397,4.4730119,0.4633
GA,Mode 1,4.0,-0.029333382,4.4752312,0.3476
GA,Mode 1,5.0,-0.0376735,4.4770185,0.2782
GA,Mode 1,6.0,-0.046165001,4.478407,0.2319
GA,Mode 1,7.0,-0.054764797,4.479456,0.1988
GA,Mode 1,8.0,-0.063446369,4.480199,0.174
GA,Mode 1,9.0,-0.072197987,4.4806776,0.1547
GA,Mode 1,10.0,-0.081016111,4.4809212,0.1392
GA,Mode 1,11.0,-0.089894912,4.4809472,0.1266
GA,Mode 1,12.0,-0.098833475,4.4807759,0.116
GA,Mode 1,13.0,-0.10783397,4.4804198,0.1071
GA,Mode 1,14.0,-0.11690027,4.4798875,0.0994
GA,Mode 1,15.0,-0.12603705,4.4791855,0.0928
GA,Mode 1,16.0,-0.13524895,4.4783227,0.087
GA,Mode 1,17.0,-0.1445413,4.4773056,0.0818
GA,Mode 1,18.0,-0.15392009,4.4761385,0.0773
GA,Mode 1,19.0,-0.16339178,4.4748237,0.0732
GA,Mode 1,20.0,-0.17296325,4.4733615,0.0695
GA,Mode 1,21.0,-0.18264167,4.4717525,0.0662
GA,Mode 1,22.0,-0.19243463,4.4699945,0.0631
GA,Mode 1,23.0,-0.20235001,4.4680856,0.0604
GA,Mode 1,24.0,-0.21239601,4.4660233,0.0578
GA,Mode 1,25.0,-0.22258128,4.4638031,0.0555
GA,Mode 1,26.0,-0.23290124,4.461441,0.0533
GA,Mode 1,27.0,-0.2433916,4.4588939,0.0513
GA,Mode 1,28.0,-0.2540495,4.4561739,0.0494
GA,Mode 1,29.0,-0.2648852,4.4532739,0.0477
GA,Mode 1,30.0,-0.27590921,4.4501877,0.0461
GA,Mode 1,31.0,-0.28713267,4.4469086,0.0446
GA,Mode 1,32.0,-0.29856753,4.4434272,0.0431
GA,Mode 1,33.0,-0.31022642,4.4397342,0.0418
GA,Mode 1,34.0,-0.32212269,4.4358206,0.0405
GA,Mode 1,35.0,-0.33427064,4.4316748,0.0393
GA,Mode 1,36.0,-0.34668554,4.4272843,0.0382
GA,Mode 1,37.0,-0.35938362,4.4226357,0.0371
GA,Mode 1,38.0,-0.37238216,4.4177154,0.0361
GA,Mode 1,39.0,-0.38569981,4.4125068,0.0352
GA,Mode 1,40.0,-0.39935651,4.4069922,0.0342
GA,Mode 1,41.0,-0.41337341,4.4011553,0.0334
GA,Mode 1,42.0,-0.42777388,4.3949716,0.0325
GA,Mode 1,43.0,-0.44258256,4.3884205,0.0317
GA,Mode 1,44.0,-0.45782638,4.3814762,0.0309
GA,Mode 1,45.0,-0.47353399,4.3741151,0.0302
GA,Mode 1,46.0,-0.48973763,4.3663011,0.0295
GA,Mode 1,47.0,-0.50647089,4.3580073,0.0288
GA,Mode 1,48.0,-0.52377173,4.3491928,0.0282
GA,Mode 1,49.0,-0.54168052,4.3398221,0.0275
GA,Mode 1,50.0,-0.56024269,4.3298462,0.0269
GA,Mode 1,51.0,-0.57950671,4.3192222,0.0263
GA,Mode 1,52.0,-0.59952768,4.3078902,0.0257
GA,Mode 1,53.0,-0.62036484,4.2957958,0.0252
GA,Mode 1,54.0,-0.64208545,4.2828673,0.0246
GA,Mode 1,55.0,-0.66476344,4.2690315,0.0241
GA,Mode 1,56.0,-0.68848133,4.2542064,0.0236
GA,Mode 1,57.0,-0.71333227,4.2382965,0.0231
GA,Mode 1,58.0,-0.73942057,4.2211975,0.0226
GA,Mode 1,59.0,-0.7668656,4.2027842,0.0221
GA,Mode 1,60.0,-0.79580115,4.1829253,0.0217
GA,Mode 1,61.0,-0.82638119,4.1614652,0.0212
GA,Mode 1,62.0,-0.85878276,4.1382256,0.0207
GA,Mode 1,63.0,-0.89320995,4.113005,0.0203
GA,Mode 1,64.0,-0.92990067,4.0855691,0.0198
GA,Mode 1,65.0,-0.96913404,4.0556454,0.0194
GA,Mode 1,66.0,-1.0112405,4.0229146,0.0189
GA,Mode 1,67.0,-1.0566129,3.9870072,0.0185
GA,Mode 1,68.0,-1.1057215,3.9474959,0.018
GA,Mode 1,69.0,-1.159143,3.903857,0.0176
GA,Mode 1,70.0,-1.2175901,3.8554583,0.0171
GA,Mode 1,71.0,-1.2819427,3.8015683,0.0166
GA,Mode 1,72.0,-1.3533275,3.7412643,0.0161
GA,Mode 1,73.0,-1.433187,3.6734439,0.0156
GA,Mode 1,74.0,-1.5234456,3.5966778,0.0151
GA,Mode 1,75.0,-1.6266766,3.5092258,0.0145
GA,Mode 1,76.0,-1.7464834,3.4087996,0.0139
GA,Mode 1,77.0,-1.8880607,3.2924065,0.0133
GA,Mode 1,78.0,-2.0592387,3.1560222,0.0126
GA,Mode 1,79.0,-2.2725344,2.9940195,0.0118
GA,Mode 1,80.0,-2.5495269,2.7981756,0.0109
GA,Mode 1,81.0,-2.9315372,2.555715,0.0098
GA,Mode 1,82.0,-3.511606,2.2445706,0.0085
GA,Mode 1,83.0,-4.5663376,1.8193429,0.0068
GA,Mode 1,84.0,-7.7047824,1.1387818,0.0042
GA,Mode 1,85.0,-0.038397009,0.0,0.0
GA,Mode 1,86.0,-0.031437575,0.0,0.0
GA,Mode 1,87.0,-0.027168516,0.0,0.0
GA,Mode 1,88.0,-0.023927361,0.0,0.0
GA,Mode 1,89.0,-0.021267769,0.0,0.0
GA,Mode 1,90.0,-0.018992178,0.0,0.0
GA,Mode 1,91.0,-0.016992866,0.0,0.0
GA,Mode 1,92.0,-0.015203565,0.0,0.0
GA,Mode 1,93.0,-0.013580114,0.0,0.0
GA,Mode 1,94.0,-0.012091353,0.0,0.0
GA,Mode 1,95.0,-0.010714317,0.0,0.0
GA,Mode 1,96.0,-0.0094314979,0.0,0.0
GA,Mode 1,97.0,-0.0082291728,0.0,0.0
GA,Mode 1,98.0,-0.0070963347,0.0,0.0
GA,Mode 1,99.0,-0.0060239803,0.0,0.0
GA,Mode 1,100.0,-0.005004618,0.0,0.0
GA,Mode 1,101.0,-0.0040319192,0.0,0.0
GA,Mode 1,102.0,-0.0031004634,0.0,0.0
GA,Mode 1,103.0,-0.0022055482,0.0,0.0
GA,Mode 1,104.0,-0.0013430454,0.0,0.0
GA,Mode 1,105.0,-0.00050928844,0.0,0.0
GA,Mode 1,106.0,0.00029901645,0.0,0.0
GA,Mode 1,107.0,0.0010848614,0.0,0.0
GA,Mode 1,108.0,0.0018509963,0.0,0.0
GA,Mode 1,109.0,0.0025999781,0.0,0.0
GA,Mode 1,110.0,0.0033342134,0.0,0.0
GA,Mode 1,111.0,0.0040559971,0.0,0.0
GA,Mode 1,112.0,0.0047675464,0.0,0.0
GA,Mode 1,113.0,0.0054710342,0.0,0.0
GA,Mode 1,114.0,0.0061686212,0.0,0.0
GA,Mode 1,115.0,0.0068624899,0.0,0.0
GA,Mode 1,116.0,0.0075548794,0.0,0.0
GA,Mode 1,117.0,0.0082481254,0.0,0.0
GA,Mode 1,118.0,0.0089447056,0.0,0.0
GA,Mode 1,119.0,0.0096472938,0.0,0.0
GA,Mode 1,120.0,0.010358826,0.0,0.0
GA,Mode 1,121.0,0.011082583,0.0,0.0
GA,Mode 2,1.0,-0.008150872,30.164651,9.3723
GA,Mode 2,2.0,-0.00532869,30.099974,4.6761
GA,Mode 2,3.0,-0.0050998578,30.106541,3.1181
GA,Mode 2,4.0,-0.0059841676,30.112603,2.339
GA,Mode 2,5.0,-0.0071531655,30.117067,1.8715
GA,Mode 2,6.0,-0.0084449867,30.12098,1.5598
GA,Mode 2,7.0,-0.0098155599,30.124695,1.3371
GA,Mode 2,8.0,-0.011247379,30.128316,1.1701
GA,Mode 2,9.0,-0.012731685,30.131862,1.0402
GA,Mode 2,10.0,-0.014263366,30.135323,0.9363
GA,Mode 2,11.0,-0.015839083,30.138675,0.8513
GA,Mode 2,12.0,-0.017456471,30.141894,0.7804
GA,Mode 2,13.0,-0.019113771,30.144953,0.7205
GA,Mode 2,14.0,-0.020809465,30.147806,0.6691
GA,Mode 2,15.0,-0.022542858,30.150481,0.6245
GA,Mode 2,16.0,-0.024313031,30.152931,0.5855
GA,Mode 2,17.0,-0.026119448,30.15514,0.5511
GA,Mode 2,18.0,-0.027961758,30.157091,0.5206
GA,Mode 2,19.0,-0.029839828,30.158769,0.4932
GA,Mode 2,20.0,-0.031753156,30.160129,0.4685
GA,Mode 2,21.0,-0.033702968,30.161224,0.4462
GA,Mode 2,22.0,-0.035689097,30.162007,0.426
GA,Mode 2,23.0,-0.037712097,30.162465,0.4075
GA,Mode 2,24.0,-0.039772613,30.162588,0.3905
GA,Mode 2,25.0,-0.041871484,30.162361,0.3749
GA,Mode 2,26.0,-0.044008722,30.161738,0.3604
GA,Mode 2,27.0,-0.046187525,30.16078,0.3471
GA,Mode 2,28.0,-0.048408153,30.159433,0.3347
GA,Mode 2,29.0,-0.050672117,30.157684,0.3231
GA,Mode 2,30.0,-0.052981087,30.155516,0.3123
GA,Mode 2,31.0,-0.055335449,30.152878,0.3022
GA,Mode 2,32.0,-0.057740303,30.149826,0.2927
GA,Mode 2,33.0,-0.060196291,30.146297,0.2838
GA,Mode 2,34.0,-0.062704235,30.142242,0.2755
GA,Mode 2,35.0,-0.065270658,30.137705,0.2675
GA,Mode 2,36.0,-0.067895262,30.132603,0.2601
GA,Mode 2,37.0,-0.070584743,30.126952,0.253
GA,Mode 2,38.0,-0.073340296,30.120685,0.2463
GA,Mode 2,39.0,-0.076159342,30.113701,0.2399
GA,Mode 2,40.0,-0.079055155,30.106062,0.2339
GA,Mode 2,41.0,-0.082028907,30.097686,0.2281
GA,Mode 2,42.0,-0.085085347,30.088521,0.2226
GA,Mode 2,43.0,-0.088229619,30.07851,0.2173
GA,Mode 2,44.0,-0.091467298,30.067587,0.2123
GA,Mode 2,45.0,-0.094804418,30.055677,0.2075
GA,Mode 2,46.0,-0.098247509,30.042698,0.2029
GA,Mode 2,47.0,-0.10180362,30.028555,0.1985
GA,Mode 2,48.0,-0.10548038,30.013143,0.1943
GA,Mode 2,49.0,-0.10928598,29.996343,0.1902
GA,Mode 2,50.0,-0.11322928,29.978022,0.1863
GA,Mode 2,51.0,-0.11731977,29.958026,0.1825
GA,Mode 2,52.0,-0.12156767,29.936183,0.1789
GA,Mode 2,53.0,-0.12598384,29.912292,0.1754
GA,Mode 2,54.0,-0.13057988,29.886129,0.172
GA,Mode 2,55.0,-0.13536801,29.857437,0.1687
GA,Mode 2,56.0,-0.14036107,29.825921,0.1655
GA,Mode 2,57.0,-0.14557237,29.791246,0.1624
GA,Mode 2,58.0,-0.15101557,29.753033,0.1594
GA,Mode 2,59.0,-0.15670443,29.710849,0.1565
GA,Mode 2,60.0,-0.16265248,29.664206,0.1536
GA,Mode 2,61.0,-0.16887262,29.612555,0.1508
GA,Mode 2,62.0,-0.17537656,29.555282,0.1481
GA,Mode 2,63.0,-0.18217401,29.491706,0.1454
GA,Mode 2,64.0,-0.18927192,29.421078,0.1428
GA,Mode 2,65.0,-0.19667364,29.342589,0.1403
GA,Mode 2,66.0,-0.20437798,29.25537,0.1377
GA,Mode 2,67.0,-0.21237813,29.158504,0.1352
GA,Mode 2,68.0,-0.22066079,29.051047,0.1327
GA,Mode 2,69.0,-0.22920535,28.932041,0.1303
GA,Mode 2,70.0,-0.23798336,28.800534,0.1278
GA,Mode 2,71.0,-0.24695827,28.655609,0.1254
GA,Mode 2,72.0,-0.25608551,28.496397,0.123
GA,Mode 2,73.0,-0.26531276,28.322094,0.1205
GA,Mode 2,74.0,-0.27458042,28.131969,0.1181
GA,Mode 2,75.0,-0.28378503,27.926293,0.1157
GA,Mode 2,76.0,-0.29292308,27.702812,0.1133
GA,Mode 2,77.0,-0.30188159,27.461776,0.1108
GA,Mode 2,78.0,-0.31057257,27.202717,0.1084
GA,Mode 2,79.0,-0.31889859,26.925216,0.1059
GA,Mode 2,80.0,-0.32675038,26.628887,0.1034
GA,Mode 2,81.0,-0.33400335,26.313389,0.1009
GA,Mode 2,82.0,-0.34051326,25.978437,0.0984
GA,Mode 2,83.0,-0.34611151,25.623831,0.0959
GA,Mode 2,84.0,-0.35059842,25.249507,0.0934
GA,Mode 2,85.0,-0.35373487,24.855609,0.0909
GA,Mode 2,86.0,-0.35523397,24.442593,0.0883
GA,Mode 2,87.0,-0.35475282,24.01138,0.0858
GA,Mode 2,88.0,-0.35188733,23.563547,0.0832
GA,Mode 2,89.0,-0.34617301,23.101555,0.0806
GA,Mode 2,90.0,-0.33709874,22.628976,0.0781
GA,Mode 2,91.0,-0.32414006,22.150648,0.0756
GA,Mode 2,92.0,-0.30681751,21.672647,0.0732
GA,Mode 2,93.0,-0.28477759,21.201936,0.0708
GA,Mode 2,94.0,-0.25787783,20.745647,0.0686
GA,Mode 2,95.0,-0.22624417,20.310086,0.0664
GA,Mode 2,96.0,-0.19026966,19.899782,0.0644
GA,Mode 2,97.0,-0.15049152,19.515607,0.0625
GA,Mode 2,98.0,-0.10771902,19.16037,0.0607
GA,Mode 2,99.0,-0.062566029,18.830514,0.0591
GA,Mode 2,100.0,-0.015628803,18.522979,0.0576
GA,Mode 2,101.0,0.03261306,18.234183,0.0561
GA,Mode 2,102.0,0.081801611,17.960473,0.0547
GA,Mode 2,103.0,0.13168846,17.69841,0.0534
GA,Mode 2,104.0,0.18211624,17.444895,0.0521
GA,Mode 2,105.0,0.23299943,17.19722,0.0509
GA,Mode 2,106.0,0.28430833,16.953052,0.0497
GA,Mode 2,107.0,0.33605679,16.710399,0.0485
GA,Mode 2,108.0,0.38829225,16.467569,0.0474
GA,Mode 2,109.0,0.44109083,16.223103,0.0462
GA,Mode 2,110.0,0.49454986,15.975745,0.0451
GA,Mode 2,111.0,0.54879273,15.724371,0.044
GA,Mode 2,112.0,0.60396062,15.467982,0.0429
GA,Mode 2,113.0,0.66021939,15.205651,0.0418
GA,Mode 2,114.0,0.71775728,14.936509,0.0407
GA,Mode 2,115.0,0.7767906,14.659705,0.0396
GA,Mode 2,116.0,0.83757012,14.374385,0.0385
GA,Mode 2,117.0,0.90038336,14.079673,0.0374
GA,Mode 2,118.0,0.96556761,13.774638,0.0363
GA,Mode 2,119.0,1.0335181,13.458275,0.0351
GA,Mode 2,120.0,1.1047084,13.129463,0.034
GA,Mode 2,121.0,1.1797094,12.786941,0.0328
GA,Mode 3,1.0,-0.0012604777,45.840232,14.2427
GA,Mode 3,2.0,-0.001447069,45.828735,7.1196
GA,Mode 3,3.0,-0.0020884032,45.826143,4.7461
GA,Mode 3,4.0,-0.0027107751,45.816758,3.5589
GA,Mode 3,5.0,-0.0033369064,45.804884,2.8463
GA,Mode 3,6.0,-0.0039779526,45.790581,2.3712
GA,Mode 3,7.0,-0.0046371676,45.773683,2.0317
GA,Mode 3,8.0,-0.0053133317,45.754079,1.777
GA,Mode 3,9.0,-0.0060053074,45.731709,1.5788
GA,Mode 3,10.0,-0.0067126471,45.706527,1.4201
GA,Mode 3,11.0,-0.0074352824,45.678493,1.2902
GA,Mode 3,12.0,-0.0081732541,45.647561,1.1819
GA,Mode 3,13.0,-0.0089265728,45.613685,1.0902
GA,Mode 3,14.0,-0.0096950822,45.576811,1.0115
GA,Mode 3,15.0,-0.010478729,45.536906,0.9432
GA,Mode 3,16.0,-0.011277141,45.493915,0.8834
GA,Mode 3,17.0,-0.012089901,45.447791,0.8306
GA,Mode 3,18.0,-0.012916485,45.398487,0.7836
GA,Mode 3,19.0,-0.013756272,45.345957,0.7415
GA,Mode 3,20.0,-0.01460832,45.290148,0.7036
GA,Mode 3,21.0,-0.015472271,45.231029,0.6692
GA,Mode 3,22.0,-0.016347023,45.168547,0.6379
GA,Mode 3,23.0,-0.017231222,45.102651,0.6093
GA,Mode 3,24.0,-0.018124598,45.033312,0.583
GA,Mode 3,25.0,-0.019025147,44.96047,0.5588
GA,Mode 3,26.0,-0.019932736,44.884097,0.5364
GA,Mode 3,27.0,-0.020845434,44.804138,0.5156
GA,Mode 3,28.0,-0.021761816,44.72055,0.4962
GA,Mode 3,29.0,-0.022680299,44.63329,0.4782
GA,Mode 3,30.0,-0.023597355,44.542304,0.4613
GA,Mode 3,31.0,-0.024514238,44.447566,0.4455
GA,Mode 3,32.0,-0.02542781,44.349026,0.4306
GA,Mode 3,33.0,-0.026336114,44.246639,0.4166
GA,Mode 3,34.0,-0.027236923,44.140362,0.4034
GA,Mode 3,35.0,-0.028127763,44.030154,0.3909
GA,Mode 3,36.0,-0.029006147,43.91597,0.379
GA,Mode 3,37.0,-0.02986941,43.797767,0.3678
GA,Mode 3,38.0,-0.030714556,43.675505,0.3571
GA,Mode 3,39.0,-0.031538265,43.549142,0.3469
GA,Mode 3,40.0,-0.032336983,43.41864,0.3373
GA,Mode 3,41.0,-0.033106955,43.283958,0.328
GA,Mode 3,42.0,-0.033844036,43.145062,0.3192
GA,Mode 3,43.0,-0.034543661,43.001916,0.3107
GA,Mode 3,44.0,-0.035200816,42.854491,0.3026
GA,Mode 3,45.0,-0.035810038,42.702759,0.2948
GA,Mode 3,46.0,-0.036365597,42.546696,0.2874
GA,Mode 3,47.0,-0.036861327,42.386286,0.2802
GA,Mode 3,48.0,-0.037290433,42.221514,0.2733
GA,Mode 3,49.0,-0.037645446,42.052379,0.2666
GA,Mode 3,50.0,-0.037918186,41.878887,0.2602
GA,Mode 3,51.0,-0.038099723,41.701055,0.2541
GA,Mode 3,52.0,-0.038180343,41.518915,0.2481
GA,Mode 3,53.0,-0.038149502,41.332517,0.2423
GA,Mode 3,54.0,-0.037995807,41.14193,0.2367
GA,Mode 3,55.0,-0.037707023,40.947245,0.2313
GA,Mode 3,56.0,-0.037270099,40.748581,0.2261
GA,Mode 3,57.0,-0.036671223,40.546087,0.221
GA,Mode 3,58.0,-0.035895924,40.33995,0.2161
GA,Mode 3,59.0,-0.034929237,40.130398,0.2113
GA,Mode 3,60.0,-0.033755955,39.917702,0.2067
GA,Mode 3,61.0,-0.032360962,39.702188,0.2022
GA,Mode 3,62.0,-0.03072972,39.484233,0.1979
GA,Mode 3,63.0,-0.028849101,39.264273,0.1936
GA,Mode 3,64.0,-0.026708069,39.042797,0.1895
GA,Mode 3,65.0,-0.024298193,38.820352,0.1856
GA,Mode 3,66.0,-0.021614556,38.59753,0.1817
GA,Mode 3,67.0,-0.018656678,38.374965,0.178
GA,Mode 3,68.0,-0.0154294,38.153309,0.1743
GA,Mode 3,69.0,-0.011943564,37.933219,0.1708
GA,Mode 3,70.0,-0.0082164258,37.715326,0.1674
GA,Mode 3,71.0,-0.0042716566,37.500216,0.1641
GA,Mode 3,72.0,-0.0001389073,37.288403,0.1609
GA,Mode 3,73.0,0.0041470556,37.080307,0.1578
GA,Mode 3,74.0,0.0085475752,36.876247,0.1548
GA,Mode 3,75.0,0.013008748,36.676414,0.1519
GA,Mode 3,76.0,0.017516978,36.48096,0.1491
GA,Mode 3,77.0,0.022015321,36.289855,0.1464
GA,Mode 3,78.0,0.026463897,36.103029,0.1438
GA,Mode 3,79.0,0.030825124,35.920351,0.1413
GA,Mode 3,80.0,0.035064229,35.74165,0.1388
GA,Mode 3,81.0,0.039149566,35.566724,0.1364
GA,Mode 3,82.0,0.043052546,35.395371,0.1341
GA,Mode 3,83.0,0.046735476,35.227462,0.1319
GA,Mode 3,84.0,0.050196163,35.062704,0.1297
GA,Mode 3,85.0,0.053405611,34.900988,0.1276
GA,Mode 3,86.0,0.056345915,34.742192,0.1255
GA,Mode 3,87.0,0.058986439,34.586344,0.1235
GA,Mode 3,88.0,0.061340367,34.433194,0.1216
GA,Mode 3,89.0,0.063383459,34.282825,0.1197
GA,Mode 3,90.0,0.06510571,34.135271,0.1178
GA,Mode 3,91.0,0.066499103,33.9906,0.1161
GA,Mode 3,92.0,0.067557641,33.848924,0.1143
GA,Mode 3,93.0,0.068260431,33.710574,0.1126
GA,Mode 3,94.0,0.068638762,33.575369,0.111
GA,Mode 3,95.0,0.068678776,33.443663,0.1094
GA,Mode 3,96.0,0.068384858,33.315662,0.1078
GA,Mode 3,97.0,0.067764466,33.19158,0.1063
GA,Mode 3,98.0,0.066828135,33.071626,0.1049
GA,Mode 3,99.0,0.065589476,32.956007,0.1034
GA,Mode 3,100.0,0.06406524,32.844895,0.1021
GA,Mode 3,101.0,0.062274607,32.738449,0.1007
GA,Mode 3,102.0,0.06023921,32.636778,0.0994
GA,Mode 3,103.0,0.057982277,32.53996,0.0982
GA,Mode 3,104.0,0.055528272,32.448023,0.0969
GA,Mode 3,105.0,0.052902114,32.360954,0.0958
GA,Mode 3,106.0,0.050128647,32.278696,0.0946
GA,Mode 3,107.0,0.047232171,32.201146,0.0935
GA,Mode 3,108.0,0.044235748,32.128167,0.0924
GA,Mode 3,109.0,0.041160892,32.059597,0.0914
GA,Mode 3,110.0,0.038027313,31.995249,0.0904
GA,Mode 3,111.0,0.034852814,31.934909,0.0894
GA,Mode 3,112.0,0.031653004,31.878368,0.0884
GA,Mode 3,113.0,0.028441511,31.825401,0.0875
GA,Mode 3,114.0,0.025230026,31.775783,0.0866
GA,Mode 3,115.0,0.022028362,31.729291,0.0857
GA,Mode 3,116.0,0.018844577,31.685719,0.0849
GA,Mode 3,117.0,0.015685327,31.644853,0.084
GA,Mode 3,118.0,0.012555863,31.606496,0.0832
GA,Mode 3,119.0,0.009460232,31.570467,0.0824
GA,Mode 3,120.0,0.0064015092,31.536589,0.0817
GA,Mode 3,121.0,0.0033819046,31.504699,0.0809
GA,Mode 4,1.0,-0.0014950086,87.909407,27.3138
GA,Mode 4,2.0,-0.0081205444,87.687873,13.6225
GA,Mode 4,3.0,-0.0082048534,87.518991,9.0642
GA,Mode 4,4.0,-0.0061675849,87.419277,6.7904
GA,Mode 4,5.0,-0.0047815861,87.38081,5.4299
GA,Mode 4,6.0,-0.0042401474,87.391326,4.5255
GA,Mode 4,7.0,-0.0042085706,87.404158,3.8795
GA,Mode 4,8.0,-0.0043675882,87.413058,3.3949
GA,Mode 4,9.0,-0.0046161126,87.420038,3.018
GA,Mode 4,10.0,-0.0049216553,87.42598,2.7164
GA,Mode 4,11.0,-0.0052674222,87.431192,2.4696
GA,Mode 4,12.0,-0.0056421711,87.435829,2.2639
GA,Mode 4,13.0,-0.0060381285,87.440005,2.0898
GA,Mode 4,14.0,-0.0064499896,87.443816,1.9407
GA,Mode 4,15.0,-0.0068741574,87.447339,1.8113
GA,Mode 4,16.0,-0.0073081789,87.450634,1.6982
GA,Mode 4,17.0,-0.0077503561,87.453749,1.5984
GA,Mode 4,18.0,-0.0081994895,87.456718,1.5096
GA,Mode 4,19.0,-0.0086547107,87.459566,1.4302
GA,Mode 4,20.0,-0.0091153741,87.462313,1.3587
GA,Mode 4,21.0,-0.0095809861,87.464971,1.2941
GA,Mode 4,22.0,-0.010051159,87.46755,1.2353
GA,Mode 4,23.0,-0.01052558,87.470058,1.1816
GA,Mode 4,24.0,-0.011003991,87.472498,1.1324
GA,Mode 4,25.0,-0.011486173,87.474874,1.0872
GA,Mode 4,26.0,-0.011971937,87.477188,1.0454
GA,Mode 4,27.0,-0.012461117,87.47944,1.0067
GA,Mode 4,28.0,-0.012953566,87.481632,0.9707
GA,Mode 4,29.0,-0.013449152,87.483762,0.9373
GA,Mode 4,30.0,-0.013947755,87.485832,0.9061
GA,Mode 4,31.0,-0.014449262,87.487839,0.8769
GA,Mode 4,32.0,-0.014953574,87.489784,0.8495
GA,Mode 4,33.0,-0.015460596,87.491666,0.8238
GA,Mode 4,34.0,-0.015970241,87.493484,0.7995
GA,Mode 4,35.0,-0.016482428,87.495238,0.7767
GA,Mode 4,36.0,-0.016996995,87.496854,0.7552
GA,Mode 4,37.0,-0.017514039,87.498476,0.7348
GA,Mode 4,38.0,-0.018033413,87.500031,0.7154
GA,Mode 4,39.0,-0.018555056,87.501518,0.6971
GA,Mode 4,40.0,-0.019078909,87.502936,0.6797
GA,Mode 4,41.0,-0.01960492,87.504286,0.6631
GA,Mode 4,42.0,-0.020133038,87.505565,0.6473
GA,Mode 4,43.0,-0.020663217,87.506775,0.6323
GA,Mode 4,44.0,-0.021195413,87.507913,0.6179
GA,Mode 4,45.0,-0.021729588,87.50898,0.6042
GA,Mode 4,46.0,-0.022265702,87.509975,0.5911
GA,Mode 4,47.0,-0.022803723,87.510898,0.5785
GA,Mode 4,48.0,-0.023343618,87.511748,0.5665
GA,Mode 4,49.0,-0.023885359,87.512525,0.5549
GA,Mode 4,50.0,-0.024428919,87.513228,0.5438
GA,Mode 4,51.0,-0.024974273,87.513858,0.5332
GA,Mode 4,52.0,-0.025521402,87.514414,0.5229
GA,Mode 4,53.0,-0.026070284,87.514894,0.513
GA,Mode 4,54.0,-0.026620902,87.515301,0.5035
GA,Mode 4,55.0,-0.027173242,87.515632,0.4944
GA,Mode 4,56.0,-0.02772729,87.515888,0.4856
GA,Mode 4,57.0,-0.028283034,87.516068,0.477
GA,Mode 4,58.0,-0.028840465,87.516172,0.4688
GA,Mode 4,59.0,-0.029399576,87.5162,0.4609
GA,Mode 4,60.0,-0.02996036,87.516151,0.4532
GA,Mode 4,61.0,-0.030522814,87.516026,0.4458
GA,Mode 4,62.0,-0.031086934,87.515823,0.4386
GA,Mode 4,63.0,-0.031652721,87.515543,0.4316
GA,Mode 4,64.0,-0.032220173,87.515185,0.4249
GA,Mode 4,65.0,-0.032789292,87.51475,0.4183
GA,Mode 4,66.0,-0.033359722,87.51412,0.412
GA,Mode 4,67.0,-0.033932186,87.513528,0.4058
GA,Mode 4,68.0,-0.034506333,87.512857,0.3999
GA,Mode 4,69.0,-0.035082171,87.512107,0.3941
GA,Mode 4,70.0,-0.035659709,87.511277,0.3884
GA,Mode 4,71.0,-0.036238957,87.510366,0.383
GA,Mode 4,72.0,-0.036819926,87.509375,0.3776
GA,Mode 4,73.0,-0.037402629,87.508303,0.3725
GA,Mode 4,74.0,-0.037987079,87.507149,0.3674
GA,Mode 4,75.0,-0.038573292,87.505913,0.3625
GA,Mode 4,76.0,-0.039161285,87.504595,0.3577
GA,Mode 4,77.0,-0.039751075,87.503194,0.3531
GA,Mode 4,78.0,-0.040342681,87.50171,0.3486
GA,Mode 4,79.0,-0.040936123,87.500141,0.3441
GA,Mode 4,80.0,-0.04153142,87.498487,0.3398
GA,Mode 4,81.0,-0.042128594,87.496748,0.3356
GA,Mode 4,82.0,-0.042727668,87.494922,0.3315
GA,Mode 4,83.0,-0.043328663,87.493011,0.3275
GA,Mode 4,84.0,-0.043931606,87.491012,0.3236
GA,Mode 4,85.0,-0.044536522,87.488925,0.3198
GA,Mode 4,86.0,-0.045143438,87.48675,0.3161
GA,Mode 4,87.0,-0.045752381,87.484485,0.3124
GA,Mode 4,88.0,-0.046363381,87.482129,0.3089
GA,Mode 4,89.0,-0.046976467,87.479683,0.3054
GA,Mode 4,90.0,-0.047591671,87.477144,0.302
GA,Mode 4,91.0,-0.048209025,87.474513,0.2987
GA,Mode 4,92.0,-0.048828561,87.471787,0.2954
GA,Mode 4,93.0,-0.049450312,87.468966,0.2922
GA,Mode 4,94.0,-0.050074313,87.46605,0.2891
GA,Mode 4,95.0,-0.050700598,87.463037,0.2861
GA,Mode 4,96.0,-0.051329203,87.459927,0.2831
GA,Mode 4,97.0,-0.051960167,87.456717,0.2801
GA,Mode 4,98.0,-0.052593527,87.453407,0.2773
GA,Mode 4,99.0,-0.053229323,87.449997,0.2745
GA,Mode 4,100.0,-0.053867595,87.446484,0.2717
GA,Mode 4,101.0,-0.054508385,87.442868,0.269
GA,Mode 4,102.0,-0.055151736,87.439146,0.2663
GA,Mode 4,103.0,-0.055797689,87.43532,0.2638
GA,Mode 4,104.0,-0.056446291,87.431385,0.2612
GA,Mode 4,105.0,-0.057097587,87.427342,0.2587
GA,Mode 4,106.0,-0.057751625,87.423188,0.2563
GA,Mode 4,107.0,-0.05840845,87.418923,0.2538
GA,Mode 4,108.0,-0.059068114,87.414544,0.2515
GA,Mode 4,109.0,-0.059730665,87.41005,0.2492
GA,Mode 4,110.0,-0.060395228,87.405285,0.2469
GA,Mode 4,111.0,-0.061063704,87.400558,0.2446
GA,Mode 4,112.0,-0.061735221,87.395712,0.2424
GA,Mode 4,113.0,-0.062409831,87.390745,0.2403
GA,Mode 4,114.0,-0.063087589,87.385653,0.2382
GA,Mode 4,115.0,-0.06376855,87.380436,0.2361
GA,Mode 4,116.0,-0.06445277,87.375094,0.234
GA,Mode 4,117.0,-0.065140308,87.369622,0.232
GA,Mode 4,118.0,-0.065831222,87.364019,0.23
GA,Mode 4,119.0,-0.066525573,87.358283,0.2281
GA,Mode 4,120.0,-0.067223423,87.352413,0.2262
GA,Mode 4,121.0,-0.067924836,87.346405,0.2243
GA,Mode 5,1.0,-5.966735e-09,112.7107,35.0196
GA,Mode 5,2.0,-8.1249503e-09,112.7107,17.5098
GA,Mode 5,3.0,-6.3887645e-09,112.7107,11.6732
GA,Mode 5,4.0,-6.7030811e-09,112.7107,8.7549
GA,Mode 5,5.0,-7.9427511e-09,112.7107,7.0039
GA,Mode 5,6.0,-9.3724901e-09,112.7107,5.8366
GA,Mode 5,7.0,-1.080592e-08,112.7107,5.0028
GA,Mode 5,8.0,-1.2213304e-08,112.7107,4.3775
GA,Mode 5,9.0,-1.3610248e-08,112.7107,3.8911
GA,Mode 5,10.0,-1.5004264e-08,112.7107,3.502
GA,Mode 5,11.0,-1.640239e-08,112.7107,3.1836
GA,Mode 5,12.0,-1.7811206e-08,112.7107,2.9183
GA,Mode 5,13.0,-1.9234961e-08,112.7107,2.6938
GA,Mode 5,14.0,-2.0675854e-08,112.7107,2.5014
GA,Mode 5,15.0,-2.2134444e-08,112.7107,2.3346
GA,Mode 5,16.0,-2.3610487e-08,112.7107,2.1887
GA,Mode 5,17.0,-2.5103564e-08,112.7107,2.06
GA,Mode 5,18.0,-2.6613174e-08,112.7107,1.9455
GA,Mode 5,19.0,-2.8139025e-08,112.7107,1.8431
GA,Mode 5,20.0,-2.9680862e-08,112.7107,1.751
GA,Mode 5,21.0,-3.1238595e-08,112.7107,1.6676
GA,Mode 5,22.0,-3.2812192e-08,112.7107,1.5918
GA,Mode 5,23.0,-3.4401697e-08,112.7107,1.5226
GA,Mode 5,24.0,-3.6007159e-08,112.7107,1.4592
GA,Mode 5,25.0,-3.762868e-08,112.7107,1.4008
GA,Mode 5,26.0,-3.9266382e-08,112.7107,1.3469
GA,Mode 5,27.0,-4.0920304e-08,112.7107,1.297
GA,Mode 5,28.0,-4.2590536e-08,112.7107,1.2507
GA,Mode 5,29.0,-4.4277194e-08,112.7107,1.2076
GA,Mode 5,30.0,-4.5980284e-08,112.7107,1.1673
GA,Mode 5,31.0,-4.7699812e-08,112.7107,1.1297
GA,Mode 5,32.0,-4.9435835e-08,112.7107,1.0944
GA,Mode 5,33.0,-5.1188365e-08,112.7107,1.0612
GA,Mode 5,34.0,-5.2957264e-08,112.7107,1.03
GA,Mode 5,35.0,-5.4742593e-08,112.7107,1.0006
GA,Mode 5,36.0,-5.6544212e-08,112.7107,0.9728
GA,Mode 5,37.0,-5.8362142e-08,112.7107,0.9465
GA,Mode 5,38.0,-6.0196163e-08,112.7107,0.9216
GA,Mode 5,39.0,-6.2046301e-08,112.7107,0.8979
GA,Mode 5,40.0,-6.3912349e-08,112.7107,0.8755
GA,Mode 5,41.0,-6.5794151e-08,112.7107,0.8541
GA,Mode 5,42.0,-6.7691654e-08,112.7107,0.8338
GA,Mode 5,43.0,-6.9604681e-08,112.7107,0.8144
GA,Mode 5,44.0,-7.1532992e-08,112.7107,0.7959
GA,Mode 5,45.0,-7.3476501e-08,112.71069,0.7782
GA,Mode 5,46.0,-7.5435046e-08,112.71069,0.7613
GA,Mode 5,47.0,-7.7408517e-08,112.71069,0.7451
GA,Mode 5,48.0,-7.9396343e-08,112.71069,0.7296
GA,Mode 5,49.0,-8.139887e-08,112.71069,0.7147
GA,Mode 5,50.0,-8.3415687e-08,112.71069,0.7004
GA,Mode 5,51.0,-8.5446521e-08,112.71069,0.6867
GA,Mode 5,52.0,-8.7491234e-08,112.71069,0.6735
GA,Mode 5,53.0,-8.9549668e-08,112.71069,0.6607
GA,Mode 5,54.0,-9.1621772e-08,112.71069,0.6485
GA,Mode 5,55.0,-9.3707021e-08,112.71069,0.6367
GA,Mode 5,56.0,-9.5805437e-08,112.71069,0.6254
GA,Mode 5,57.0,-9.7916894e-08,112.71069,0.6144
GA,Mode 5,58.0,-1.0004106e-07,112.71069,0.6038
GA,Mode 5,59.0,-1.0217792e-07,112.71069,0.5936
GA,Mode 5,60.0,-1.0432701e-07,112.71069,0.5837
GA,Mode 5,61.0,-1.0648844e-07,112.71069,0.5741
GA,Mode 5,62.0,-1.0866201e-07,112.71069,0.5648
GA,Mode 5,63.0,-1.1084751e-07,112.71069,0.5559
GA,Mode 5,64.0,-1.1304474e-07,112.71069,0.5472
GA,Mode 5,65.0,-1.1525354e-07,112.71069,0.5388
GA,Mode 5,66.0,-1.1747375e-07,112.71069,0.5306
GA,Mode 5,67.0,-1.1970534e-07,112.71069,0.5227
GA,Mode 5,68.0,-1.2194828e-07,112.71069,0.515
GA,Mode 5,69.0,-1.2420234e-07,112.71069,0.5075
GA,Mode 5,70.0,-1.2646729e-07,112.71068,0.5003
GA,Mode 5,71.0,-1.2874302e-07,112.71068,0.4932
GA,Mode 5,72.0,-1.3102953e-07,112.71068,0.4864
GA,Mode 5,73.0,-1.3332675e-07,112.71068,0.4797
GA,Mode 5,74.0,-1.356347e-07,112.71068,0.4732
GA,Mode 5,75.0,-1.379533e-07,112.71068,0.4669
GA,Mode 5,76.0,-1.4028244e-07,112.71068,0.4608
GA,Mode 5,77.0,-1.4262207e-07,112.71068,0.4548
GA,Mode 5,78.0,-1.4497208e-07,112.71068,0.449
GA,Mode 5,79.0,-1.4733238e-07,112.71068,0.4433
GA,Mode 5,80.0,-1.4970316e-07,112.71068,0.4377
GA,Mode 5,81.0,-1.5208433e-07,112.71068,0.4323
GA,Mode 5,82.0,-1.5447603e-07,112.71068,0.4271
GA,Mode 5,83.0,-1.5687828e-07,112.71068,0.4219
GA,Mode 5,84.0,-1.5929109e-07,112.71068,0.4169
GA,Mode 5,85.0,-1.6171462e-07,112.71068,0.412
GA,Mode 5,86.0,-1.6414868e-07,112.71068,0.4072
GA,Mode 5,87.0,-1.6659357e-07,112.71067,0.4025
GA,Mode 5,88.0,-1.6904905e-07,112.71067,0.398
GA,Mode 5,89.0,-1.715154e-07,112.71067,0.3935
GA,Mode 5,90.0,-1.7399291e-07,112.71067,0.3891
GA,Mode 5,91.0,-1.7648174e-07,112.71067,0.3848
GA,Mode 5,92.0,-1.789819e-07,112.71067,0.3806
GA,Mode 5,93.0,-1.8149383e-07,112.71067,0.3766
GA,Mode 5,94.0,-1.840176e-07,112.71067,0.3725
GA,Mode 5,95.0,-1.8655352e-07,112.71067,0.3686
GA,Mode 5,96.0,-1.8910174e-07,112.71067,0.3648
GA,Mode 5,97.0,-1.9166254e-07,112.71067,0.361
GA,Mode 5,98.0,-1.9423626e-07,112.71067,0.3573
GA,Mode 5,99.0,-1.9682308e-07,112.71067,0.3537
GA,Mode 5,100.0,-1.99423e-07,112.71067,0.3502
GA,Mode 5,101.0,-2.0203671e-07,112.71066,0.3467
GA,Mode 5,102.0,-2.0466432e-07,112.71066,0.3433
GA,Mode 5,103.0,-2.0730656e-07,112.71066,0.34
GA,Mode 5,104.0,-2.0996361e-07,112.71066,0.3367
GA,Mode 5,105.0,-2.1263584e-07,112.71066,0.3335
GA,Mode 5,106.0,-2.1532378e-07,112.71066,0.3304
GA,Mode 5,107.0,-2.1802799e-07,112.71066,0.3273
GA,Mode 5,108.0,-2.2074885e-07,112.71066,0.3243
GA,Mode 5,109.0,-2.2348685e-07,112.71066,0.3213
GA,Mode 5,110.0,-2.2624257e-07,112.71066,0.3184
GA,Mode 5,111.0,-2.290166e-07,112.71066,0.3155
GA,Mode 5,112.0,-2.3180932e-07,112.71065,0.3127
GA,Mode 5,113.0,-2.346215e-07,112.71065,0.3099
GA,Mode 5,114.0,-2.3745361e-07,112.71065,0.3072
GA,Mode 5,115.0,-2.4030648e-07,112.71065,0.3045
GA,Mode 5,116.0,-2.4318056e-07,112.71065,0.3019
GA,Mode 5,117.0,-2.4607657e-07,112.71065,0.2993
GA,Mode 5,118.0,-2.4899542e-07,112.71065,0.2968
GA,Mode 5,119.0,-2.5193795e-07,112.71065,0.2943
GA,Mode 5,120.0,-2.5490505e-07,112.71065,0.2918
GA,Mode 5,121.0,-2.5789746e-07,112.71065,0.2894
SLSQP,Mode 1,1.0,-0.0065173567,4.4675256,1.3881
SLSQP,Mode 1,2.0,-0.013515903,4.4703791,0.6945
SLSQP,Mode 1,3.0,-0.021228439,4.4730221,0.4633
SLSQP,Mode 1,4.0,-0.029333439,4.4752415,0.3476
SLSQP,Mode 1,5.0,-0.037673575,4.4770288,0.2782
SLSQP,Mode 1,6.0,-0.046165093,4.4784173,0.2319
SLSQP,Mode 1,7.0,-0.054764908,4.4794664,0.1988
SLSQP,Mode 1,8.0,-0.0634465,4.4802092,0.174
SLSQP,Mode 1,9.0,-0.072198135,4.4806879,0.1547
SLSQP,Mode 1,10.0,-0.08101628,4.4809315,0.1392
SLSQP,Mode 1,11.0,-0.089895096,4.4809576,0.1266
SLSQP,Mode 1,12.0,-0.09883368,4.4807863,0.116
SLSQP,Mode 1,13.0,-0.1078342,4.4804301,0.1071
SLSQP,Mode 1,14.0,-0.11690052,4.4798978,0.0994
SLSQP,Mode 1,15.0,-0.12603732,4.4791957,0.0928
SLSQP,Mode 1,16.0,-0.13524923,4.4783331,0.087
SLSQP,Mode 1,17.0,-0.14454161,4.477316,0.0818
SLSQP,Mode 1,18.0,-0.15392042,4.4761488,0.0773
SLSQP,Mode 1,19.0,-0.16339215,4.4748335,0.0732
SLSQP,Mode 1,20.0,-0.17296363,4.4733716,0.0695
SLSQP,Mode 1,21.0,-0.18264207,4.4717625,0.0662
SLSQP,Mode 1,22.0,-0.19243503,4.470005,0.0631
SLSQP,Mode 1,23.0,-0.20235044,4.468096,0.0604
SLSQP,Mode 1,24.0,-0.21239648,4.4660333,0.0578
SLSQP,Mode 1,25.0,-0.22258174,4.4638136,0.0555
SLSQP,Mode 1,26.0,-0.23290176,4.4614509,0.0533
SLSQP,Mode 1,27.0,-0.24339214,4.4589039,0.0513
SLSQP,Mode 1,28.0,-0.25405008,4.4561835,0.0494
SLSQP,Mode 1,29.0,-0.26488577,4.453284,0.0477
SLSQP,Mode 1,30.0,-0.27590983,4.4501975,0.0461
SLSQP,Mode 1,31.0,-0.28713335,4.4469179,0.0446
SLSQP,Mode 1,32.0,-0.29856819,4.4434371,0.0431
SLSQP,Mode 1,33.0,-0.31022717,4.4397433,0.0418
SLSQP,Mode 1,34.0,-0.32212341,4.4358304,0.0405
SLSQP,Mode 1,35.0,-0.33427139,4.4316846,0.0393
SLSQP,Mode 1,36.0,-0.34668643,4.4272927,0.0382
SLSQP,Mode 1,37.0,-0.35938442,4.4226455,0.0371
SLSQP,Mode 1,38.0,-0.3723831,4.417724,0.0361
SLSQP,Mode 1,39.0,-0.38570064,4.4125169,0.0352
SLSQP,Mode 1,40.0,-0.3993573,4.407003,0.0342
SLSQP,Mode 1,41.0,-0.41337443,4.4011639,0.0334
SLSQP,Mode 1,42.0,-0.42777486,4.3949809,0.0325
SLSQP,Mode 1,43.0,-0.44258358,4.3884297,0.0317
SLSQP,Mode 1,44.0,-0.45782739,4.3814858,0.0309
SLSQP,Mode 1,45.0,-0.47353541,4.3741215,0.0302
SLSQP,Mode 1,46.0,-0.48973865,4.3663111,0.0295
SLSQP,Mode 1,47.0,-0.50647208,4.3580161,0.0288
SLSQP,Mode 1,48.0,-0.52377284,4.3492027,0.0282
SLSQP,Mode 1,49.0,-0.54168188,4.3398302,0.0275
SLSQP,Mode 1,50.0,-0.56024429,4.3298528,0.0269
SLSQP,Mode 1,51.0,-0.57950823,4.3192298,0.0263
SLSQP,Mode 1,52.0,-0.59952911,4.3078988,0.0257
SLSQP,Mode 1,53.0,-0.62036615,4.2958054,0.0252
SLSQP,Mode 1,54.0,-0.64208709,4.282875,0.0246
SLSQP,Mode 1,55.0,-0.66476493,4.2690404,0.0241
SLSQP,Mode 1,56.0,-0.68848268,4.2542164,0.0236
SLSQP,Mode 1,57.0,-0.71333362,4.2383067,0.0231
SLSQP,Mode 1,58.0,-0.73942237,4.2212054,0.0226
SLSQP,Mode 1,59.0,-0.76686694,4.2027948,0.0221
SLSQP,Mode 1,60.0,-0.79580296,4.1829337,0.0217
SLSQP,Mode 1,61.0,-0.82638346,4.1614715,0.0212
SLSQP,Mode 1,62.0,-0.8587847,4.1382339,0.0207
SLSQP,Mode 1,63.0,-0.89321202,4.113013,0.0203
SLSQP,Mode 1,64.0,-0.9299038,4.0855728,0.0198
SLSQP,Mode 1,65.0,-0.9691372,4.0556495,0.0194
SLSQP,Mode 1,66.0,-1.0112434,4.0229201,0.0189
SLSQP,Mode 1,67.0,-1.0566145,3.9870177,0.0185
SLSQP,Mode 1,68.0,-1.1057235,3.9475051,0.018
SLSQP,Mode 1,69.0,-1.1591467,3.9038609,0.0176
SLSQP,Mode 1,70.0,-1.2175931,3.8554648,0.0171
SLSQP,Mode 1,71.0,-1.2819463,3.8015735,0.0166
SLSQP,Mode 1,72.0,-1.3533295,3.7412742,0.0161
SLSQP,Mode 1,73.0,-1.4331931,3.6734436,0.0156
SLSQP,Mode 1,74.0,-1.5234502,3.5966818,0.0151
SLSQP,Mode 1,75.0,-1.6266816,3.5092292,0.0145
SLSQP,Mode 1,76.0,-1.7464899,3.4088007,0.0139
SLSQP,Mode 1,77.0,-1.8880663,3.2924099,0.0133
SLSQP,Mode 1,78.0,-2.0592452,3.1560247,0.0126
SLSQP,Mode 1,79.0,-2.2725459,2.9940161,0.0118
SLSQP,Mode 1,80.0,-2.5495342,2.7981785,0.0109
SLSQP,Mode 1,81.0,-2.9315388,2.5557235,0.0098
SLSQP,Mode 1,82.0,-3.5116358,2.2445602,0.0085
SLSQP,Mode 1,83.0,-4.5663922,1.819328,0.0068
SLSQP,Mode 1,84.0,-7.7051071,1.1387381,0.0042
SLSQP,Mode 1,85.0,-0.038396777,0.0,0.0
SLSQP,Mode 1,86.0,-0.031437498,0.0,0.0
SLSQP,Mode 1,87.0,-0.027168477,0.0,0.0
SLSQP,Mode 1,88.0,-0.023927339,0.0,0.0
SLSQP,Mode 1,89.0,-0.021267756,0.0,0.0
SLSQP,Mode 1,90.0,-0.018992171,0.0,0.0
SLSQP,Mode 1,91.0,-0.016992863,0.0,0.0
SLSQP,Mode 1,92.0,-0.015203564,0.0,0.0
SLSQP,Mode 1,93.0,-0.013580116,0.0,0.0
SLSQP,Mode 1,94.0,-0.012091356,0.0,0.0
SLSQP,Mode 1,95.0,-0.01071432,0.0,0.0
SLSQP,Mode 1,96.0,-0.0094315018,0.0,0.0
SLSQP,Mode 1,97.0,-0.008229177,0.0,0.0
SLSQP,Mode 1,98.0,-0.0070963392,0.0,0.0
SLSQP,Mode 1,99.0,-0.0060239848,0.0,0.0
SLSQP,Mode 1,100.0,-0.0050046225,0.0,0.0
SLSQP,Mode 1,101.0,-0.0040319237,0.0,0.0
SLSQP,Mode 1,102.0,-0.0031004679,0.0,0.0
SLSQP,Mode 1,103.0,-0.0022055527,0.0,0.0
SLSQP,Mode 1,104.0,-0.0013430499,0.0,0.0
SLSQP,Mode 1,105.0,-0.00050929283,0.0,0.0
SLSQP,Mode 1,106.0,0.00029901205,0.0,0.0
SLSQP,Mode 1,107.0,0.001084857,0.0,0.0
SLSQP,Mode 1,108.0,0.0018509918,0.0,0.0
SLSQP,Mode 1,109.0,0.0025999734,0.0,0.0
SLSQP,Mode 1,110.0,0.0033342086,0.0,0.0
SLSQP,Mode 1,111.0,0.0040559921,0.0,0.0
SLSQP,Mode 1,112.0,0.004767541,0.0,0.0
SLSQP,Mode 1,113.0,0.0054710284,0.0,0.0
SLSQP,Mode 1,114.0,0.0061686149,0.0,0.0
SLSQP,Mode 1,115.0,0.0068624829,0.0,0.0
SLSQP,Mode 1,116.0,0.0075548716,0.0,0.0
SLSQP,Mode 1,117.0,0.0082481167,0.0,0.0
SLSQP,Mode 1,118.0,0.0089446958,0.0,0.0
SLSQP,Mode 1,119.0,0.0096472827,0.0,0.0
SLSQP,Mode 1,120.0,0.010358813,0.0,0.0
SLSQP,Mode 1,121.0,0.011082569,0.0,0.0
SLSQP,Mode 2,1.0,-0.0081509409,30.164744,9.3723
SLSQP,Mode 2,2.0,-0.0053287412,30.100065,4.6761
SLSQP,Mode 2,3.0,-0.0050998912,30.106633,3.1181
SLSQP,Mode 2,4.0,-0.0059841992,30.112695,2.339
SLSQP,Mode 2,5.0,-0.0071531999,30.117159,1.8715
SLSQP,Mode 2,6.0,-0.0084450252,30.121072,1.5598
SLSQP,Mode 2,7.0,-0.0098156033,30.124787,1.3371
SLSQP,Mode 2,8.0,-0.011247428,30.128408,1.1701
SLSQP,Mode 2,9.0,-0.01273174,30.131954,1.0402
SLSQP,Mode 2,10.0,-0.014263426,30.135415,0.9363
SLSQP,Mode 2,11.0,-0.01583915,30.138767,0.8513
SLSQP,Mode 2,12.0,-0.017456544,30.141986,0.7804
SLSQP,Mode 2,13.0,-0.019113851,30.145045,0.7205
SLSQP,Mode 2,14.0,-0.020809552,30.147898,0.6691
SLSQP,Mode 2,15.0,-0.022542952,30.150573,0.6245
SLSQP,Mode 2,16.0,-0.024313133,30.153023,0.5855
SLSQP,Mode 2,17.0,-0.026119557,30.155232,0.5511
SLSQP,Mode 2,18.0,-0.027961876,30.157183,0.5206
SLSQP,Mode 2,19.0,-0.029839955,30.158861,0.4932
SLSQP,Mode 2,20.0,-0.031753291,30.16022,0.4685
SLSQP,Mode 2,21.0,-0.033703112,30.161315,0.4462
SLSQP,Mode 2,22.0,-0.03568925,30.162098,0.426
SLSQP,Mode 2,23.0,-0.03771226,30.162557,0.4075
SLSQP,Mode 2,24.0,-0.039772785,30.162679,0.3905
SLSQP,Mode 2,25.0,-0.041871666,30.162453,0.3749
SLSQP,Mode 2,26.0,-0.044008915,30.161829,0.3604
SLSQP,Mode 2,27.0,-0.046187729,30.160871,0.3471
SLSQP,Mode 2,28.0,-0.048408368,30.159525,0.3347
SLSQP,Mode 2,29.0,-0.050672344,30.157775,0.3231
SLSQP,Mode 2,30.0,-0.052981325,30.155607,0.3123
SLSQP,Mode 2,31.0,-0.0553357,30.152969,0.3022
SLSQP,Mode 2,32.0,-0.057740566,30.149916,0.2927
SLSQP,Mode 2,33.0,-0.060196568,30.146387,0.2838
SLSQP,Mode 2,34.0,-0.062704524,30.142333,0.2755
SLSQP,Mode 2,35.0,-0.065270961,30.137796,0.2675
SLSQP,Mode 2,36.0,-0.067895581,30.132693,0.2601
SLSQP,Mode 2,37.0,-0.070585076,30.127042,0.253
SLSQP,Mode 2,38.0,-0.073340644,30.120775,0.2463
SLSQP,Mode 2,39.0,-0.076159705,30.11379,0.2399
SLSQP,Mode 2,40.0,-0.079055534,30.106151,0.2339
SLSQP,Mode 2,41.0,-0.082029304,30.097775,0.2281
SLSQP,Mode 2,42.0,-0.085085761,30.08861,0.2226
SLSQP,Mode 2,43.0,-0.08823005,30.078599,0.2173
SLSQP,Mode 2,44.0,-0.091467748,30.067675,0.2123
SLSQP,Mode 2,45.0,-0.094804888,30.055765,0.2075
SLSQP,Mode 2,46.0,-0.098247998,30.042785,0.2029
SLSQP,Mode 2,47.0,-0.10180413,30.028642,0.1985
SLSQP,Mode 2,48.0,-0.10548091,30.01323,0.1943
SLSQP,Mode 2,49.0,-0.10928653,29.996429,0.1902
SLSQP,Mode 2,50.0,-0.11322985,29.978107,0.1863
SLSQP,Mode 2,51.0,-0.11732037,29.958111,0.1825
SLSQP,Mode 2,52.0,-0.12156829,29.936267,0.1789
SLSQP,Mode 2,53.0,-0.12598449,29.912376,0.1754
SLSQP,Mode 2,54.0,-0.13058055,29.886212,0.172
SLSQP,Mode 2,55.0,-0.13536871,29.857519,0.1687
SLSQP,Mode 2,56.0,-0.14036179,29.826002,0.1655
SLSQP,Mode 2,57.0,-0.14557311,29.791327,0.1624
SLSQP,Mode 2,58.0,-0.15101634,29.753112,0.1594
SLSQP,Mode 2,59.0,-0.15670522,29.710927,0.1565
SLSQP,Mode 2,60.0,-0.1626533,29.664283,0.1536
SLSQP,Mode 2,61.0,-0.16887346,29.612631,0.1508
SLSQP,Mode 2,62.0,-0.17537742,29.555357,0.1481
SLSQP,Mode 2,63.0,-0.18217489,29.491779,0.1454
SLSQP,Mode 2,64.0,-0.18927281,29.42115,0.1428
SLSQP,Mode 2,65.0,-0.19667454,29.34266,0.1403
SLSQP,Mode 2,66.0,-0.20437888,29.255438,0.1377
SLSQP,Mode 2,67.0,-0.21237903,29.158572,0.1352
SLSQP,Mode 2,68.0,-0.22066168,29.051112,0.1327
SLSQP,Mode 2,69.0,-0.22920622,28.932103,0.1303
SLSQP,Mode 2,70.0,-0.23798421,28.800595,0.1278
SLSQP,Mode 2,71.0,-0.24695909,28.655668,0.1254
SLSQP,Mode 2,72.0,-0.25608629,28.496454,0.123
SLSQP,Mode 2,73.0,-0.26531349,28.32215,0.1205
SLSQP,Mode 2,74.0,-0.2745811,28.132023,0.1181
SLSQP,Mode 2,75.0,-0.28378565,27.926345,0.1157
SLSQP,Mode 2,76.0,-0.29292362,27.702863,0.1133
SLSQP,Mode 2,77.0,-0.30188206,27.461824,0.1108
SLSQP,Mode 2,78.0,-0.31057297,27.202765,0.1084
SLSQP,Mode 2,79.0,-0.31889893,26.925261,0.1059
SLSQP,Mode 2,80.0,-0.32675062,26.628931,0.1034
SLSQP,Mode 2,81.0,-0.33400351,26.313433,0.1009
SLSQP,Mode 2,82.0,-0.34051335,25.978479,0.0984
SLSQP,Mode 2,83.0,-0.34611152,25.623872,0.0959
SLSQP,Mode 2,84.0,-0.35059833,25.249548,0.0934
SLSQP,Mode 2,85.0,-0.35373474,24.855648,0.0909
SLSQP,Mode 2,86.0,-0.35523376,24.442632,0.0883
SLSQP,Mode 2,87.0,-0.35475258,24.011417,0.0858
SLSQP,Mode 2,88.0,-0.35188702,23.563583,0.0832
SLSQP,Mode 2,89.0,-0.34617262,23.101592,0.0806
SLSQP,Mode 2,90.0,-0.33709837,22.629012,0.0781
SLSQP,Mode 2,91.0,-0.32413967,22.150684,0.0756
SLSQP,Mode 2,92.0,-0.30681712,21.672682,0.0732
SLSQP,Mode 2,93.0,-0.28477726,21.201971,0.0708
SLSQP,Mode 2,94.0,-0.25787755,20.745682,0.0686
SLSQP,Mode 2,95.0,-0.22624403,20.31012,0.0664
SLSQP,Mode 2,96.0,-0.19026961,19.899817,0.0644
SLSQP,Mode 2,97.0,-0.15049166,19.51564,0.0625
SLSQP,Mode 2,98.0,-0.10771933,19.160403,0.0607
SLSQP,Mode 2,99.0,-0.062566548,18.830548,0.0591
SLSQP,Mode 2,100.0,-0.015629538,18.523014,0.0576
SLSQP,Mode 2,101.0,0.032612131,18.234216,0.0561
SLSQP,Mode 2,102.0,0.081800393,17.960508,0.0547
SLSQP,Mode 2,103.0,0.13168705,17.698444,0.0534
SLSQP,Mode 2,104.0,0.18211459,17.444928,0.0521
SLSQP,Mode 2,105.0,0.23299773,17.197252,0.0509
SLSQP,Mode 2,106.0,0.28430636,16.953085,0.0497
SLSQP,Mode 2,107.0,0.3360545,16.710433,0.0485
SLSQP,Mode 2,108.0,0.38828957,16.467604,0.0474
SLSQP,Mode 2,109.0,0.44108757,16.223139,0.0462
SLSQP,Mode 2,110.0,0.49454694,15.97578,0.0451
SLSQP,Mode 2,111.0,0.54878903,15.724408,0.044
SLSQP,Mode 2,112.0,0.60395703,15.468019,0.0429
SLSQP,Mode 2,113.0,0.66021514,15.205691,0.0418
SLSQP,Mode 2,114.0,0.71775252,14.93655,0.0407
SLSQP,Mode 2,115.0,0.77678611,14.659745,0.0396
SLSQP,Mode 2,116.0,0.83756442,14.374428,0.0385
SLSQP,Mode 2,117.0,0.90037712,14.079718,0.0374
SLSQP,Mode 2,118.0,0.96556021,13.774686,0.0363
SLSQP,Mode 2,119.0,1.0335106,13.458323,0.0351
SLSQP,Mode 2,120.0,1.104701,13.129514,0.034
SLSQP,Mode 2,121.0,1.1796997,12.786994,0.0328
SLSQP,Mode 3,1.0,-0.0012604827,45.840269,14.2427
SLSQP,Mode 3,2.0,-0.0014470751,45.828772,7.1196
SLSQP,Mode 3,3.0,-0.0020884109,45.82618,4.7461
SLSQP,Mode 3,4.0,-0.0027107844,45.816795,3.5589
SLSQP,Mode 3,5.0,-0.0033369173,45.804921,2.8463
SLSQP,Mode 3,6.0,-0.0039779651,45.790618,2.3712
SLSQP,Mode 3,7.0,-0.0046371817,45.77372,2.0317
SLSQP,Mode 3,8.0,-0.0053133474,45.754116,1.777
SLSQP,Mode 3,9.0,-0.0060053246,45.731745,1.5788
SLSQP,Mode 3,10.0,-0.0067126657,45.706564,1.4201
SLSQP,Mode 3,11.0,-0.0074353024,45.67853,1.2902
SLSQP,Mode 3,12.0,-0.0081732753,45.647598,1.1819
SLSQP,Mode 3,13.0,-0.0089265951,45.613721,1.0902
SLSQP,Mode 3,14.0,-0.0096951055,45.576848,1.0115
SLSQP,Mode 3,15.0,-0.010478754,45.536943,0.9432
SLSQP,Mode 3,16.0,-0.011277166,45.493952,0.8834
SLSQP,Mode 3,17.0,-0.012089927,45.447828,0.8306
SLSQP,Mode 3,18.0,-0.012916511,45.398524,0.7836
SLSQP,Mode 3,19.0,-0.013756298,45.345994,0.7415
SLSQP,Mode 3,20.0,-0.014608346,45.290185,0.7036
SLSQP,Mode 3,21.0,-0.015472298,45.231067,0.6692
SLSQP,Mode 3,22.0,-0.016347049,45.168585,0.6379
SLSQP,Mode 3,23.0,-0.017231248,45.102689,0.6093
SLSQP,Mode 3,24.0,-0.018124623,45.03335,0.583
SLSQP,Mode 3,25.0,-0.019025171,44.960508,0.5588
SLSQP,Mode 3,26.0,-0.019932759,44.884135,0.5364
SLSQP,Mode 3,27.0,-0.020845456,44.804177,0.5156
SLSQP,Mode 3,28.0,-0.021761836,44.720589,0.4962
SLSQP,Mode 3,29.0,-0.022680318,44.633328,0.4782
SLSQP,Mode 3,30.0,-0.023597372,44.542343,0.4613
SLSQP,Mode 3,31.0,-0.024514252,44.447605,0.4455
SLSQP,Mode 3,32.0,-0.025427822,44.349065,0.4306
SLSQP,Mode 3,33.0,-0.026336123,44.246678,0.4166
SLSQP,Mode 3,34.0,-0.027236929,44.140402,0.4034
SLSQP,Mode 3,35.0,-0.028127764,44.030194,0.3909
SLSQP,Mode 3,36.0,-0.029006145,43.91601,0.379
SLSQP,Mode 3,37.0,-0.029869404,43.797808,0.3678
SLSQP,Mode 3,38.0,-0.030714545,43.675546,0.3571
SLSQP,Mode 3,39.0,-0.031538248,43.549183,0.3469
SLSQP,Mode 3,40.0,-0.03233696,43.418681,0.3373
SLSQP,Mode 3,41.0,-0.033106925,43.284,0.328
SLSQP,Mode 3,42.0,-0.033844,43.145104,0.3192
SLSQP,Mode 3,43.0,-0.034543617,43.001959,0.3107
SLSQP,Mode 3,44.0,-0.035200764,42.854534,0.3026
SLSQP,Mode 3,45.0,-0.035809978,42.702802,0.2948
SLSQP,Mode 3,46.0,-0.036365527,42.54674,0.2874
SLSQP,Mode 3,47.0,-0.036861248,42.38633,0.2802
SLSQP,Mode 3,48.0,-0.037290343,42.221559,0.2733
SLSQP,Mode 3,49.0,-0.037645344,42.052425,0.2666
SLSQP,Mode 3,50.0,-0.037918072,41.878933,0.2602
SLSQP,Mode 3,51.0,-0.038099597,41.701101,0.2541
SLSQP,Mode 3,52.0,-0.038180203,41.518963,0.2481
SLSQP,Mode 3,53.0,-0.038149349,41.332566,0.2423
SLSQP,Mode 3,54.0,-0.037995638,41.141979,0.2367
SLSQP,Mode 3,55.0,-0.037706839,40.947295,0.2313
SLSQP,Mode 3,56.0,-0.0372699,40.748631,0.2261
SLSQP,Mode 3,57.0,-0.036671009,40.546139,0.221
SLSQP,Mode 3,58.0,-0.035895693,40.340003,0.2161
SLSQP,Mode 3,59.0,-0.034928991,40.130452,0.2113
SLSQP,Mode 3,60.0,-0.033755694,39.917758,0.2067
SLSQP,Mode 3,61.0,-0.032360689,39.702244,0.2022
SLSQP,Mode 3,62.0,-0.030729434,39.484291,0.1979
SLSQP,Mode 3,63.0,-0.028848806,39.264332,0.1936
SLSQP,Mode 3,64.0,-0.026707767,39.042858,0.1895
SLSQP,Mode 3,65.0,-0.024297888,38.820414,0.1856
SLSQP,Mode 3,66.0,-0.021614252,38.597595,0.1817
SLSQP,Mode 3,67.0,-0.018656381,38.375031,0.178
SLSQP,Mode 3,68.0,-0.015429117,38.153378,0.1743
SLSQP,Mode 3,69.0,-0.011943304,37.933289,0.1708
SLSQP,Mode 3,70.0,-0.0082161943,37.715399,0.1674
SLSQP,Mode 3,71.0,-0.004271462,37.500291,0.1641
SLSQP,Mode 3,72.0,-0.00013875904,37.28848,0.1609
SLSQP,Mode 3,73.0,0.0041471511,37.080385,0.1578
SLSQP,Mode 3,74.0,0.0085476131,36.876327,0.1548
SLSQP,Mode 3,75.0,0.013008719,36.676495,0.1519
SLSQP,Mode 3,76.0,0.017516875,36.481045,0.1491
SLSQP,Mode 3,77.0,0.022015143,36.289941,0.1464
SLSQP,Mode 3,78.0,0.02646364,36.103117,0.1438
SLSQP,Mode 3,79.0,0.030824781,35.920441,0.1413
SLSQP,Mode 3,80.0,0.035063811,35.74174,0.1388
SLSQP,Mode 3,81.0,0.039149056,35.566817,0.1364
SLSQP,Mode 3,82.0,0.043051955,35.395466,0.1341
SLSQP,Mode 3,83.0,0.046734809,35.227558,0.1319
SLSQP,Mode 3,84.0,0.050195428,35.062801,0.1297
SLSQP,Mode 3,85.0,0.05340479,34.901087,0.1276
SLSQP,Mode 3,86.0,0.056345016,34.742292,0.1255
SLSQP,Mode 3,87.0,0.058985486,34.586445,0.1235
SLSQP,Mode 3,88.0,0.061339354,34.433296,0.1216
SLSQP,Mode 3,89.0,0.063382381,34.282929,0.1197
SLSQP,Mode 3,90.0,0.065104596,34.135375,0.1178
SLSQP,Mode 3,91.0,0.066497918,33.990707,0.1161
SLSQP,Mode 3,92.0,0.067556422,33.849032,0.1143
SLSQP,Mode 3,93.0,0.068259181,33.710683,0.1126
SLSQP,Mode 3,94.0,0.068637477,33.575481,0.111
SLSQP,Mode 3,95.0,0.068677515,33.443774,0.1094
SLSQP,Mode 3,96.0,0.068383564,33.315775,0.1078
SLSQP,Mode 3,97.0,0.067763175,33.191693,0.1063
SLSQP,Mode 3,98.0,0.066826856,33.071741,0.1049
SLSQP,Mode 3,99.0,0.065588249,32.95612,0.1034
SLSQP,Mode 3,100.0,0.064063974,32.845013,0.1021
SLSQP,Mode 3,101.0,0.062273377,32.738566,0.1007
SLSQP,Mode 3,102.0,0.060238021,32.636896,0.0994
SLSQP,Mode 3,103.0,0.05798112,32.540079,0.0982
SLSQP,Mode 3,104.0,0.055527138,32.448144,0.0969
SLSQP,Mode 3,105.0,0.052900996,32.361077,0.0958
SLSQP,Mode 3,106.0,0.050127633,32.278816,0.0946
SLSQP,Mode 3,107.0,0.047231183,32.201267,0.0935
SLSQP,Mode 3,108.0,0.044234811,32.128288,0.0924
SLSQP,Mode 3,109.0,0.041159991,32.05972,0.0914
SLSQP,Mode 3,110.0,0.038026501,31.995368,0.0904
SLSQP,Mode 3,111.0,0.034852022,31.935031,0.0894
SLSQP,Mode 3,112.0,0.031652245,31.87849,0.0884
SLSQP,Mode 3,113.0,0.028440816,31.825521,0.0875
SLSQP,Mode 3,114.0,0.025229365,31.775903,0.0866
SLSQP,Mode 3,115.0,0.022027722,31.729413,0.0857
SLSQP,Mode 3,116.0,0.01884399,31.685839,0.0849
SLSQP,Mode 3,117.0,0.015684788,31.64497,0.084
SLSQP,Mode 3,118.0,0.012555326,31.606618,0.0832
SLSQP,Mode 3,119.0,0.0094597316,31.570587,0.0824
SLSQP,Mode 3,120.0,0.0064010398,31.536708,0.0817
SLSQP,Mode 3,121.0,0.0033814451,31.504822,0.0809
SLSQP,Mode 4,1.0,-0.001494997,87.909704,27.3139
SLSQP,Mode 4,2.0,-0.0081205891,87.688168,13.6225
SLSQP,Mode 4,3.0,-0.0082049376,87.519284,9.0642
SLSQP,Mode 4,4.0,-0.0061676588,87.419568,6.7904
SLSQP,Mode 4,5.0,-0.0047816401,87.3811,5.4299
SLSQP,Mode 4,6.0,-0.0042401849,87.391616,4.5255
SLSQP,Mode 4,7.0,-0.0042086012,87.404448,3.8796
SLSQP,Mode 4,8.0,-0.0043676165,87.413348,3.395
SLSQP,Mode 4,9.0,-0.0046161398,87.420328,3.018
SLSQP,Mode 4,10.0,-0.0049216823,87.42627,2.7164
SLSQP,Mode 4,11.0,-0.0052674494,87.431482,2.4696
SLSQP,Mode 4,12.0,-0.005642199,87.436119,2.2639
SLSQP,Mode 4,13.0,-0.0060381573,87.440296,2.0898
SLSQP,Mode 4,14.0,-0.0064500195,87.444107,1.9407
SLSQP,Mode 4,15.0,-0.0068741886,87.44763,1.8114
SLSQP,Mode 4,16.0,-0.0073082115,87.450925,1.6982
SLSQP,Mode 4,17.0,-0.0077503903,87.45404,1.5984
SLSQP,Mode 4,18.0,-0.0081995253,87.457009,1.5096
SLSQP,Mode 4,19.0,-0.0086547481,87.459857,1.4302
SLSQP,Mode 4,20.0,-0.0091154132,87.462603,1.3587
SLSQP,Mode 4,21.0,-0.0095810269,87.465261,1.2941
SLSQP,Mode 4,22.0,-0.010051202,87.467841,1.2353
SLSQP,Mode 4,23.0,-0.010525625,87.470349,1.1816
SLSQP,Mode 4,24.0,-0.011004037,87.472789,1.1324
SLSQP,Mode 4,25.0,-0.011486221,87.475165,1.0872
SLSQP,Mode 4,26.0,-0.011971987,87.477479,1.0454
SLSQP,Mode 4,27.0,-0.012461169,87.479731,1.0067
SLSQP,Mode 4,28.0,-0.01295362,87.481923,0.9707
SLSQP,Mode 4,29.0,-0.013449208,87.484053,0.9373
SLSQP,Mode 4,30.0,-0.013947812,87.486122,0.9061
SLSQP,Mode 4,31.0,-0.014449322,87.48813,0.8769
SLSQP,Mode 4,32.0,-0.014953636,87.490075,0.8495
SLSQP,Mode 4,33.0,-0.01546066,87.491957,0.8238
SLSQP,Mode 4,34.0,-0.015970307,87.493775,0.7995
SLSQP,Mode 4,35.0,-0.016482495,87.495528,0.7767
SLSQP,Mode 4,36.0,-0.016997065,87.497145,0.7552
SLSQP,Mode 4,37.0,-0.017514111,87.498767,0.7348
SLSQP,Mode 4,38.0,-0.018033487,87.500322,0.7154
SLSQP,Mode 4,39.0,-0.018555132,87.501809,0.6971
SLSQP,Mode 4,40.0,-0.019078987,87.503227,0.6797
SLSQP,Mode 4,41.0,-0.019605,87.504577,0.6631
SLSQP,Mode 4,42.0,-0.02013312,87.505856,0.6473
SLSQP,Mode 4,43.0,-0.020663301,87.507065,0.6323
SLSQP,Mode 4,44.0,-0.0211955,87.508204,0.6179
SLSQP,Mode 4,45.0,-0.021729676,87.509271,0.6042
SLSQP,Mode 4,46.0,-0.022265793,87.510266,0.5911
SLSQP,Mode 4,47.0,-0.022803815,87.511189,0.5785
SLSQP,Mode 4,48.0,-0.023343713,87.512039,0.5665
SLSQP,Mode 4,49.0,-0.023885456,87.512816,0.5549
SLSQP,Mode 4,50.0,-0.024429018,87.513519,0.5438
SLSQP,Mode 4,51.0,-0.024974375,87.514149,0.5332
SLSQP,Mode 4,52.0,-0.025521506,87.514704,0.5229
SLSQP,Mode 4,53.0,-0.02607039,87.515185,0.513
SLSQP,Mode 4,54.0,-0.026621011,87.515591,0.5035
SLSQP,Mode 4,55.0,-0.027173353,87.515923,0.4944
SLSQP,Mode 4,56.0,-0.027727403,87.516178,0.4856
SLSQP,Mode 4,57.0,-0.02828315,87.516358,0.477
SLSQP,Mode 4,58.0,-0.028840583,87.516463,0.4688
SLSQP,Mode 4,59.0,-0.029399696,87.51649,0.4609
SLSQP,Mode 4,60.0,-0.029960483,87.516442,0.4532
SLSQP,Mode 4,61.0,-0.030522939,87.516316,0.4458
SLSQP,Mode 4,62.0,-0.031087062,87.516113,0.4386
SLSQP,Mode 4,63.0,-0.03165285,87.515833,0.4316
SLSQP,Mode 4,64.0,-0.032220304,87.515476,0.4249
SLSQP,Mode 4,65.0,-0.032789426,87.51504,0.4183
SLSQP,Mode 4,66.0,-0.033359859,87.51441,0.412
SLSQP,Mode 4,67.0,-0.033932325,87.513818,0.4058
SLSQP,Mode 4,68.0,-0.034506474,87.513147,0.3999
SLSQP,Mode 4,69.0,-0.035082315,87.512397,0.3941
SLSQP,Mode 4,70.0,-0.035659856,87.511566,0.3884
SLSQP,Mode 4,71.0,-0.036239106,87.510656,0.383
SLSQP,Mode 4,72.0,-0.036820077,87.509665,0.3776
SLSQP,Mode 4,73.0,-0.037402782,87.508593,0.3725
SLSQP,Mode 4,74.0,-0.037987235,87.507439,0.3674
SLSQP,Mode 4,75.0,-0.038573451,87.506203,0.3625
SLSQP,Mode 4,76.0,-0.039161446,87.504885,0.3577
SLSQP,Mode 4,77.0,-0.039751239,87.503484,0.3531
SLSQP,Mode 4,78.0,-0.040342847,87.501999,0.3486
SLSQP,Mode 4,79.0,-0.040936291,87.50043,0.3441
SLSQP,Mode 4,80.0,-0.041531591,87.498777,0.3398
SLSQP,Mode 4,81.0,-0.042128768,87.497037,0.3356
SLSQP,Mode 4,82.0,-0.042727843,87.495212,0.3315
SLSQP,Mode 4,83.0,-0.043328842,87.493301,0.3275
SLSQP,Mode 4,84.0,-0.043931787,87.491302,0.3236
SLSQP,Mode 4,85.0,-0.044536706,87.489215,0.3198
SLSQP,Mode 4,86.0,-0.045143623,87.487039,0.3161
SLSQP,Mode 4,87.0,-0.045752569,87.484774,0.3124
SLSQP,Mode 4,88.0,-0.046363571,87.482419,0.3089
SLSQP,Mode 4,89.0,-0.04697666,87.479972,0.3054
SLSQP,Mode 4,90.0,-0.047591867,87.477433,0.302
SLSQP,Mode 4,91.0,-0.048209224,87.474802,0.2987
SLSQP,Mode 4,92.0,-0.048828762,87.472076,0.2954
SLSQP,Mode 4,93.0,-0.049450516,87.469256,0.2922
SLSQP,Mode 4,94.0,-0.050074519,87.466339,0.2891
SLSQP,Mode 4,95.0,-0.050700806,87.463326,0.2861
SLSQP,Mode 4,96.0,-0.051329415,87.460215,0.2831
SLSQP,Mode 4,97.0,-0.051960381,87.457005,0.2801
SLSQP,Mode 4,98.0,-0.052593744,87.453696,0.2773
SLSQP,Mode 4,99.0,-0.053229542,87.450285,0.2745
SLSQP,Mode 4,100.0,-0.053867817,87.446773,0.2717
SLSQP,Mode 4,101.0,-0.054508609,87.443156,0.269
SLSQP,Mode 4,102.0,-0.055151962,87.439435,0.2664
SLSQP,Mode 4,103.0,-0.055797918,87.435608,0.2638
SLSQP,Mode 4,104.0,-0.056446523,87.431673,0.2612
SLSQP,Mode 4,105.0,-0.057097822,87.427629,0.2587
SLSQP,Mode 4,106.0,-0.057751862,87.423476,0.2563
SLSQP,Mode 4,107.0,-0.05840869,87.419211,0.2538
SLSQP,Mode 4,108.0,-0.059068357,87.414832,0.2515
SLSQP,Mode 4,109.0,-0.05973091,87.410338,0.2492
SLSQP,Mode 4,110.0,-0.060395476,87.405572,0.2469
SLSQP,Mode 4,111.0,-0.061063955,87.400845,0.2446
SLSQP,Mode 4,112.0,-0.061735475,87.395999,0.2424
SLSQP,Mode 4,113.0,-0.062410088,87.391031,0.2403
SLSQP,Mode 4,114.0,-0.063087848,87.38594,0.2382
SLSQP,Mode 4,115.0,-0.063768811,87.380724,0.2361
SLSQP,Mode 4,116.0,-0.064453035,87.37538,0.234
SLSQP,Mode 4,117.0,-0.065140574,87.369909,0.232
SLSQP,Mode 4,118.0,-0.065831492,87.364305,0.23
SLSQP,Mode 4,119.0,-0.066525845,87.35857,0.2281
SLSQP,Mode 4,120.0,-0.067223699,87.352699,0.2262
SLSQP,Mode 4,121.0,-0.067925114,87.346691,0.2243
SLSQP,Mode 5,1.0,-5.9670291e-09,112.71096,35.0197
SLSQP,Mode 5,2.0,-8.1249768e-09,112.71096,17.5098
SLSQP,Mode 5,3.0,-6.3889582e-09,112.71096,11.6732
SLSQP,Mode 5,4.0,-6.7032151e-09,112.71096,8.7549
SLSQP,Mode 5,5.0,-7.9428395e-09,112.71096,7.0039
SLSQP,Mode 5,6.0,-9.3725767e-09,112.71096,5.8366
SLSQP,Mode 5,7.0,-1.0806075e-08,112.71096,5.0028
SLSQP,Mode 5,8.0,-1.22134e-08,112.71096,4.3775
SLSQP,Mode 5,9.0,-1.3610335e-08,112.71096,3.8911
SLSQP,Mode 5,10.0,-1.5004343e-08,112.71096,3.502
SLSQP,Mode 5,11.0,-1.6402508e-08,112.71096,3.1836
SLSQP,Mode 5,12.0,-1.7811242e-08,112.71096,2.9183
SLSQP,Mode 5,13.0,-1.9235078e-08,112.71096,2.6938
SLSQP,Mode 5,14.0,-2.0675989e-08,112.71096,2.5014
SLSQP,Mode 5,15.0,-2.2134574e-08,112.71096,2.3346
SLSQP,Mode 5,16.0,-2.3610667e-08,112.71096,2.1887
SLSQP,Mode 5,17.0,-2.5103716e-08,112.71096,2.06
SLSQP,Mode 5,18.0,-2.6613332e-08,112.71096,1.9455
SLSQP,Mode 5,19.0,-2.8139206e-08,112.71096,1.8431
SLSQP,Mode 5,20.0,-2.9681057e-08,112.71096,1.751
SLSQP,Mode 5,21.0,-3.1238801e-08,112.71096,1.6676
SLSQP,Mode 5,22.0,-3.2812385e-08,112.71096,1.5918
SLSQP,Mode 5,23.0,-3.4401894e-08,112.71096,1.5226
SLSQP,Mode 5,24.0,-3.6007375e-08,112.71096,1.4592
SLSQP,Mode 5,25.0,-3.7628948e-08,112.71096,1.4008
SLSQP,Mode 5,26.0,-3.9266573e-08,112.71096,1.3469
SLSQP,Mode 5,27.0,-4.0920568e-08,112.71096,1.297
SLSQP,Mode 5,28.0,-4.2590803e-08,112.71096,1.2507
SLSQP,Mode 5,29.0,-4.4277434e-08,112.71096,1.2076
SLSQP,Mode 5,30.0,-4.5980528e-08,112.71096,1.1673
SLSQP,Mode 5,31.0,-4.7700099e-08,112.71096,1.1297
SLSQP,Mode 5,32.0,-4.9436113e-08,112.71096,1.0944
SLSQP,Mode 5,33.0,-5.1188623e-08,112.71096,1.0612
SLSQP,Mode 5,34.0,-5.2957588e-08,112.71096,1.03
SLSQP,Mode 5,35.0,-5.4742896e-08,112.71096,1.0006
SLSQP,Mode 5,36.0,-5.6544573e-08,112.71096,0.9728
SLSQP,Mode 5,37.0,-5.8362465e-08,112.71096,0.9465
SLSQP,Mode 5,38.0,-6.0196496e-08,112.71096,0.9216
SLSQP,Mode 5,39.0,-6.2046688e-08,112.71096,0.8979
SLSQP,Mode 5,40.0,-6.3912669e-08,112.71096,0.8755
SLSQP,Mode 5,41.0,-6.5794523e-08,112.71096,0.8541
SLSQP,Mode 5,42.0,-6.7692049e-08,112.71096,0.8338
SLSQP,Mode 5,43.0,-6.9605052e-08,112.71096,0.8144
SLSQP,Mode 5,44.0,-7.1533413e-08,112.71096,0.7959
SLSQP,Mode 5,45.0,-7.3476874e-08,112.71096,0.7782
SLSQP,Mode 5,46.0,-7.5435409e-08,112.71096,0.7613
SLSQP,Mode 5,47.0,-7.7408806e-08,112.71095,0.7451
SLSQP,Mode 5,48.0,-7.93968e-08,112.71095,0.7296
SLSQP,Mode 5,49.0,-8.1399317e-08,112.71095,0.7147
SLSQP,Mode 5,50.0,-8.3416137e-08,112.71095,0.7004
SLSQP,Mode 5,51.0,-8.5446952e-08,112.71095,0.6867
SLSQP,Mode 5,52.0,-8.7491714e-08,112.71095,0.6735
SLSQP,Mode 5,53.0,-8.9550253e-08,112.71095,0.6607
SLSQP,Mode 5,54.0,-9.1622195e-08,112.71095,0.6485
SLSQP,Mode 5,55.0,-9.3707562e-08,112.71095,0.6367
SLSQP,Mode 5,56.0,-9.580598e-08,112.71095,0.6254
SLSQP,Mode 5,57.0,-9.7917378e-08,112.71095,0.6144
SLSQP,Mode 5,58.0,-1.0004165e-07,112.71095,0.6038
SLSQP,Mode 5,59.0,-1.021784e-07,112.71095,0.5936
SLSQP,Mode 5,60.0,-1.0432763e-07,112.71095,0.5837
SLSQP,Mode 5,61.0,-1.06489e-07,112.71095,0.5741
SLSQP,Mode 5,62.0,-1.0866258e-07,112.71095,0.5648
SLSQP,Mode 5,63.0,-1.1084811e-07,112.71095,0.5559
SLSQP,Mode 5,64.0,-1.1304534e-07,112.71095,0.5472
SLSQP,Mode 5,65.0,-1.152541e-07,112.71095,0.5388
SLSQP,Mode 5,66.0,-1.174743e-07,112.71095,0.5306
SLSQP,Mode 5,67.0,-1.1970601e-07,112.71095,0.5227
SLSQP,Mode 5,68.0,-1.2194894e-07,112.71095,0.515
SLSQP,Mode 5,69.0,-1.2420294e-07,112.71095,0.5075
SLSQP,Mode 5,70.0,-1.2646791e-07,112.71095,0.5003
SLSQP,Mode 5,71.0,-1.2874369e-07,112.71094,0.4932
SLSQP,Mode 5,72.0,-1.310302e-07,112.71094,0.4864
SLSQP,Mode 5,73.0,-1.3332744e-07,112.71094,0.4797
SLSQP,Mode 5,74.0,-1.3563538e-07,112.71094,0.4732
SLSQP,Mode 5,75.0,-1.3795396e-07,112.71094,0.4669
SLSQP,Mode 5,76.0,-1.4028311e-07,112.71094,0.4608
SLSQP,Mode 5,77.0,-1.4262279e-07,112.71094,0.4548
SLSQP,Mode 5,78.0,-1.4497281e-07,112.71094,0.449
SLSQP,Mode 5,79.0,-1.4733314e-07,112.71094,0.4433
SLSQP,Mode 5,80.0,-1.4970385e-07,112.71094,0.4377
SLSQP,Mode 5,81.0,-1.520851e-07,112.71094,0.4323
SLSQP,Mode 5,82.0,-1.5447682e-07,112.71094,0.4271
SLSQP,Mode 5,83.0,-1.568791e-07,112.71094,0.4219
SLSQP,Mode 5,84.0,-1.5929196e-07,112.71094,0.4169
SLSQP,Mode 5,85.0,-1.617154e-07,112.71094,0.412
SLSQP,Mode 5,86.0,-1.6414952e-07,112.71094,0.4072
SLSQP,Mode 5,87.0,-1.6659437e-07,112.71094,0.4025
SLSQP,Mode 5,88.0,-1.690499e-07,112.71093,0.398
SLSQP,Mode 5,89.0,-1.7151634e-07,112.71093,0.3935
SLSQP,Mode 5,90.0,-1.7399383e-07,112.71093,0.3891
SLSQP,Mode 5,91.0,-1.7648248e-07,112.71093,0.3848
SLSQP,Mode 5,92.0,-1.789828e-07,112.71093,0.3806
SLSQP,Mode 5,93.0,-1.8149474e-07,112.71093,0.3766
SLSQP,Mode 5,94.0,-1.840185e-07,112.71093,0.3725
SLSQP,Mode 5,95.0,-1.8655445e-07,112.71093,0.3686
SLSQP,Mode 5,96.0,-1.8910266e-07,112.71093,0.3648
SLSQP,Mode 5,97.0,-1.9166355e-07,112.71093,0.361
SLSQP,Mode 5,98.0,-1.942373e-07,112.71093,0.3573
SLSQP,Mode 5,99.0,-1.9682399e-07,112.71093,0.3537
SLSQP,Mode 5,100.0,-1.9942404e-07,112.71093,0.3502
SLSQP,Mode 5,101.0,-2.0203777e-07,112.71093,0.3467
SLSQP,Mode 5,102.0,-2.0466547e-07,112.71092,0.3433
SLSQP,Mode 5,103.0,-2.0730765e-07,112.71092,0.34
SLSQP,Mode 5,104.0,-2.0996467e-07,112.71092,0.3367
SLSQP,Mode 5,105.0,-2.1263668e-07,112.71092,0.3335
SLSQP,Mode 5,106.0,-2.1532485e-07,112.71092,0.3304
SLSQP,Mode 5,107.0,-2.1802909e-07,112.71092,0.3273
SLSQP,Mode 5,108.0,-2.2075e-07,112.71092,0.3243
SLSQP,Mode 5,109.0,-2.2348806e-07,112.71092,0.3213
SLSQP,Mode 5,110.0,-2.262438e-07,112.71092,0.3184
SLSQP,Mode 5,111.0,-2.290178e-07,112.71092,0.3155
SLSQP,Mode 5,112.0,-2.3181043e-07,112.71092,0.3127
SLSQP,Mode 5,113.0,-2.3462261e-07,112.71091,0.3099
SLSQP,Mode 5,114.0,-2.3745495e-07,112.71091,0.3072
SLSQP,Mode 5,115.0,-2.403077e-07,112.71091,0.3045
SLSQP,Mode 5,116.0,-2.4318182e-07,112.71091,0.3019
SLSQP,Mode 5,117.0,-2.4607795e-07,112.71091,0.2993
SLSQP,Mode 5,118.0,-2.4899676e-07,112.71091,0.2968
SLSQP,Mode 5,119.0,-2.5193932e-07,112.71091,0.2943
SLSQP,Mode 5,120.0,-2.5490636e-07,112.71091,0.2918
SLSQP,Mode 5,121.0,-2.5789889e-07,112.71091,0.2894
